行政區,街路名稱,起迄地點,地段率%,,,
東區、南區、北區、安平區、中西區,力行街,全部（路含巷）,120,,,
東區、南區、北區、安平區、中西區,力行一街,全部（路含巷）,120,,,
東區、南區、北區、安平區、中西區,力行二街,全部（路含巷）,120,,,
東區、南區、北區、安平區、中西區,力行三街,全部（路含巷）,120,,,
東區、南區、北區、安平區、中西區,大同路一段,東門圓環~行政院衛生署胸腔病院,160,,,
東區、南區、北區、安平區、中西區,大同路一段,行政院衛生署胸腔病院~健康路,140,,,
東區、南區、北區、安平區、中西區,大同路一段,巷全部,130,,,
東區、南區、北區、安平區、中西區,大同路二段,全部及麗都戲院一帶新興地區 ,140,,,
東區、南區、北區、安平區、中西區,大同路二段,榮譽街口陸橋兩側,130,,,
東區、南區、北區、安平區、中西區,大同路二段,巷:起點~中華南路,130,,,
東區、南區、北區、安平區、中西區,大同路二段,巷:中華南路~末點,110,,,
東區、南區、北區、安平區、中西區,大智街,路全部,140,,,
東區、南區、北區、安平區、中西區,大智街,巷全部 (除99、111、129巷),140,,,
東區、南區、北區、安平區、中西區,大智街,99、111、129巷,130,,,
東區、南區、北區、安平區、中西區,大仁街,全部(路含巷),140,,,
東區、南區、北區、安平區、中西區,大成路一段,全部（路含巷）,120,,,
東區、南區、北區、安平區、中西區,大成路二段,全部（路含巷）,120,,,
東區、南區、北區、安平區、中西區,大新街,路全部,140,,,
東區、南區、北區、安平區、中西區,大新街,巷全部,130,,,
東區、南區、北區、安平區、中西區,大勇街,全部（路含巷）,130,,,
東區、南區、北區、安平區、中西區,大埔街,路全部,130,,,
東區、南區、北區、安平區、中西區,大埔街,巷全部,110,,,
東區、南區、北區、安平區、中西區,大福街,全部（路含巷）,130,,,
東區、南區、北區、安平區、中西區,大德街,全部（路含巷）,130,,,
東區、南區、北區、安平區、中西區,大學路,路全部,140,,,
東區、南區、北區、安平區、中西區,大學路,巷全部,125,,,
東區、南區、北區、安平區、中西區,中華東路三段,起點至380巷（雙號）,140,,,
東區、南區、北區、安平區、中西區,中華東路三段,380巷、399巷~大同路（陸橋兩側）,115,,,
東區、南區、北區、安平區、中西區,中華東路三段,巷全部,115,,,
東區、南區、北區、安平區、中西區,中華西路一段,全部（路含巷）,120,,,
東區、南區、北區、安平區、中西區,中華西路二段,路全部,140,,,
東區、南區、北區、安平區、中西區,中華西路二段,巷全部,130,,,
東區、南區、北區、安平區、中西區,中華南路一段,全部（路含巷）,110,,,
東區、南區、北區、安平區、中西區,中華南路二段,起點~金華路口,110,,,
東區、南區、北區、安平區、中西區,中華南路二段,金華路口~末點,120,,,
東區、南區、北區、安平區、中西區,中華北路一段,路全部,120,,,
東區、南區、北區、安平區、中西區,中華北路一段,巷全部,110,,,
東區、南區、北區、安平區、中西區,中華北路二段,路全部,120,,,
東區、南區、北區、安平區、中西區,中華北路二段,巷全部,110,,,
東區、南區、北區、安平區、中西區,中和街,全部（路含巷）,130,,,
東區、南區、北區、安平區、中西區,中成路,全部（路含巷）,150,,,
東區、南區、北區、安平區、中西區,中興街,全部（路含巷）,110,,,
東區、南區、北區、安平區、中西區,友愛街,開山路-永福路,140,,,
東區、南區、北區、安平區、中西區,友愛街,永福路-西門路,160,,,
東區、南區、北區、安平區、中西區,友愛街,西門路-海安路,170,,,
東區、南區、北區、安平區、中西區,友愛街,海安路-康樂街,160,,,
東區、南區、北區、安平區、中西區,友愛街,康樂街-新河街,140,,,
東區、南區、北區、安平區、中西區,友愛街,146巷全部,150,,,
東區、南區、北區、安平區、中西區,友愛街,206巷全部,160,,,
東區、南區、北區、安平區、中西區,友愛街,115、201、215、289、309、310、331巷,130,,,
東區、南區、北區、安平區、中西區,友愛東街,全部（路含巷）,130,,,
東區、南區、北區、安平區、中西區,公園路,民生綠園-民權路,150,,,
東區、南區、北區、安平區、中西區,公園路,民權路-民族路,160,,,
東區、南區、北區、安平區、中西區,公園路,民族路-末點,140,,,
東區、南區、北區、安平區、中西區,公園路,巷（民生綠園 ~中山公園）,130,,,
東區、南區、北區、安平區、中西區,公園路,巷（中山公園~末點）,110,,,
東區、南區、北區、安平區、中西區,文化路,全部（路含巷）,115,,,
東區、南區、北區、安平區、中西區,文化一街,全部（路含巷）,110,,,
東區、南區、北區、安平區、中西區,文化二街,全部（路含巷）,110,,,
東區、南區、北區、安平區、中西區,文化三街,全部（路含巷）,110,,,
東區、南區、北區、安平區、中西區,文化五街,全部（路含巷）,110,,,
東區、南區、北區、安平區、中西區,文化六街,全部（路含巷）,110,,,
東區、南區、北區、安平區、中西區,仁愛街,全部（路含巷）,140,,,
東區、南區、北區、安平區、中西區,仁和路,"單號:起點~139巷
雙號:起點~崇善東路",130,,,
東區、南區、北區、安平區、中西區,仁和路,"單號:139巷~終點
雙號:崇善東路~終點",115,,,
東區、南區、北區、安平區、中西區,仁和路,巷全部,110,,,
東區、南區、北區、安平區、中西區,仁東街,全部（路含巷）,115,,,
東區、南區、北區、安平區、中西區,仁南街,全部（路含巷）,120,,,
東區、南區、北區、安平區、中西區,仁南一街,全部（路含巷）,120,,,
東區、南區、北區、安平區、中西區,仁南二街,全部（路含巷）,120,,,
東區、南區、北區、安平區、中西區,仁南三街,全部（路含巷）,120,,,
東區、南區、北區、安平區、中西區,仁南四街,全部（路含巷）,120,,,
東區、南區、北區、安平區、中西區,仁慈街,全部（路含巷）,130,,,
東區、南區、北區、安平區、中西區,五妃街,全部（路含巷）,130,,,
東區、南區、北區、安平區、中西區,水交社,全部（路含巷）,130,,,
東區、南區、北區、安平區、中西區,水交社一街,全部（路含巷）,130,,,
東區、南區、北區、安平區、中西區,民權路一段,東門圓環-青年路,160,,,
東區、南區、北區、安平區、中西區,民權路一段,青年路-中山路,150,,,
東區、南區、北區、安平區、中西區,民權路一段,巷全部,130,,,
東區、南區、北區、安平區、中西區,民權路二段,路全部,150,,,
東區、南區、北區、安平區、中西區,民權路二段,巷全部,130,,,
東區、南區、北區、安平區、中西區,民權路三段,西門路-海安路,150,,,
東區、南區、北區、安平區、中西區,民權路三段,海安路-金華路四段,140,,,
東區、南區、北區、安平區、中西區,北華街,路全部,130,,,
東區、南區、北區、安平區、中西區,北華街,巷全部,120,,,
東區、南區、北區、安平區、中西區,北成路,全部（路含巷）,120,,,
東區、南區、北區、安平區、中西區,北忠街,路全部,130,,,
東區、南區、北區、安平區、中西區,北忠街,巷全部,110,,,
東區、南區、北區、安平區、中西區,"立德一路～
立德十一路",全部（路含巷）,130,,,
東區、南區、北區、安平區、中西區,立賢路一段,全部（路含巷）,130,,,
東區、南區、北區、安平區、中西區,立賢路二段,全部（路含巷）,130,,,
東區、南區、北區、安平區、中西區,永福路一段,"全部（路含巷）
(樹林街~和意路單號除外)",130,,,
東區、南區、北區、安平區、中西區,永福路一段,樹林街~和意路(單號),140,,,
東區、南區、北區、安平區、中西區,永福路二段,府前路-中正路,150,,,
東區、南區、北區、安平區、中西區,永福路二段,中正路-民權路二段,160,,,
東區、南區、北區、安平區、中西區,永福路二段,民權路二段-民族路,150,,,
東區、南區、北區、安平區、中西區,永福路二段,巷全部,140,,,
東區、南區、北區、安平區、中西區,永華路一段,路全部,140,,,
東區、南區、北區、安平區、中西區,永華路一段,巷全部,130,,,
東區、南區、北區、安平區、中西區,永華路二段,路全部,140,,,
東區、南區、北區、安平區、中西區,永華路二段,巷全部,130,,,
東區、南區、北區、安平區、中西區,永華一街,全部（路含巷）,130,,,
東區、南區、北區、安平區、中西區,永華二街~九街,全部（路含巷）,120,,,
東區、南區、北區、安平區、中西區,永華十街,全部（路含巷）,110,,,
東區、南區、北區、安平區、中西區,永華十一街,全部（路含巷）,120,,,
東區、南區、北區、安平區、中西區,永華十二街,全部（路含巷）,110,,,
東區、南區、北區、安平區、中西區,永和街,全部（路含巷）,130,,,
東區、南區、北區、安平區、中西區,永興一街~四街,全部（路含巷）,110,,,
東區、南區、北區、安平區、中西區,永春街,全部（路含巷）,110,,,
東區、南區、北區、安平區、中西區,永仁街,全部（路含巷）,110,,,
東區、南區、北區、安平區、中西區,永成路一段,全部（路含巷）,120,,,
東區、南區、北區、安平區、中西區,永成路二段,全部（路含巷）,120,,,
東區、南區、北區、安平區、中西區,永成路三段,全部（路含巷）,120,,,
東區、南區、北區、安平區、中西區,永吉街,全部（路含巷）,110,,,
東區、南區、北區、安平區、中西區,西門路二段,民族路-成功路,160,,,
東區、南區、北區、安平區、中西區,西門路二段,巷(友愛街-中正路),140,,,
東區、南區、北區、安平區、中西區,西門路二段,巷(中正路-民生路),150,,,
東區、南區、北區、安平區、中西區,西門路二段,巷(民生路-民權路),140,,,
東區、南區、北區、安平區、中西區,西門路二段,巷(民權路-民族路),140,,,
東區、南區、北區、安平區、中西區,西門路二段,巷(民族路-成功路),140,,,
東區、南區、北區、安平區、中西區,西門路三段,路全部,150,,,
東區、南區、北區、安平區、中西區,西門路三段,巷全部,140,,,
東區、南區、北區、安平區、中西區,西門路四段,路全部,140,,,
東區、南區、北區、安平區、中西區,西門路四段,巷全部,120,,,
東區、南區、北區、安平區、中西區,西和路,全部（路含巷）,130,,,
東區、南區、北區、安平區、中西區,西賢街,全部（路含巷）,130,,,
東區、南區、北區、安平區、中西區,西賢一街～六街,全部（路含巷）,130,,,
東區、南區、北區、安平區、中西區,西寧街,全部（路含巷）,130,,,
東區、南區、北區、安平區、中西區,西華街,全部（路含巷）,110,,,
東區、南區、北區、安平區、中西區,西華南街,全部（路含巷）,130,,,
東區、南區、北區、安平區、中西區,西湖街,全部（路含巷）,115,,,
東區、南區、北區、安平區、中西區,成功路,起點-西門路,160,,,
東區、南區、北區、安平區、中西區,成功路,西門路-海安路,150,,,
東區、南區、北區、安平區、中西區,成功路,海安路-文賢路,140,,,
東區、南區、北區、安平區、中西區,成功路,巷全部,130,,,
東區、南區、北區、安平區、中西區,安平路,起點-安北路,140,,,
東區、南區、北區、安平區、中西區,安平路,安北路-末點,130,,,
東區、南區、北區、安平區、中西區,安平路,巷﹝起點-安北路﹞,130,,,
東區、南區、北區、安平區、中西區,安平路,巷(安北路至末點),110,,,
東區、南區、北區、安平區、中西區,安北路,路含巷（372號~418號除外）,110,,,
東區、南區、北區、安平區、中西區,,,,,,
東區、南區、北區、安平區、中西區,安北路,372號~418號（不含巷）,130,,,
東區、南區、北區、安平區、中西區,安億路,路全部,130,,,
東區、南區、北區、安平區、中西區,安億路,巷全部,120,,,
東區、南區、北區、安平區、中西區,東門路一段,路橋兩側,130,,,
東區、南區、北區、安平區、中西區,東門路一段,巷全部,130,,,
東區、南區、北區、安平區、中西區,東門路二段,起點-裕農路,140,,,
東區、南區、北區、安平區、中西區,東門路二段,裕農路-中華東路,130,,,
東區、南區、北區、安平區、中西區,東門路二段,巷（起點-裕農路）,130,,,
東區、南區、北區、安平區、中西區,東門路二段,巷（裕農路-中華東路）,110,,,
東區、南區、北區、安平區、中西區,東門路三段,路全部,130,,,
東區、南區、北區、安平區、中西區,東門路三段,巷全部,110,,,
東區、南區、北區、安平區、中西區,東寧路,路全部,150,,,
東區、南區、北區、安平區、中西區,東寧路,巷全部,115,,,
東區、南區、北區、安平區、中西區,東寧路西段,路全部,130,,,
東區、南區、北區、安平區、中西區,東寧路西段,巷全部,120,,,
東區、南區、北區、安平區、中西區,東和路,全部（路含巷）,120,,,
東區、南區、北區、安平區、中西區,東榮街,全部（路含巷）,130,,,
東區、南區、北區、安平區、中西區,東豐路,路全部,130,,,
東區、南區、北區、安平區、中西區,東豐路,巷全部,110,,,
東區、南區、北區、安平區、中西區,東安路,路全部,120,,,
東區、南區、北區、安平區、中西區,東安路,巷全部,115,,,
東區、南區、北區、安平區、中西區,東興路,路全部,120,,,
東區、南區、北區、安平區、中西區,東興路,巷全部,115,,,
東區、南區、北區、安平區、中西區,東光路一段,全部（路含巷）,110,,,
東區、南區、北區、安平區、中西區,東光路二段,全部（路含巷）,110,,,
東區、南區、北區、安平區、中西區,東平路,路全部,120,,,
東區、南區、北區、安平區、中西區,東平路,巷全部,110,,,
東區、南區、北區、安平區、中西區,東成街,全部（路含巷）,110,,,
東區、南區、北區、安平區、中西區,東智街,全部（路含巷）,110,,,
東區、南區、北區、安平區、中西區,忠義路一段,全部（路含巷）,130,,,
東區、南區、北區、安平區、中西區,忠義路二段,府前路-中正路,150,,,
東區、南區、北區、安平區、中西區,忠義路二段,中正路-民生路一段,160,,,
東區、南區、北區、安平區、中西區,忠義路二段,民生路一段-民族路,170,,,
東區、南區、北區、安平區、中西區,忠義路二段,民族路-成功路,160,,,
東區、南區、北區、安平區、中西區,金華新路,全部（路含巷）,140,,,
東區、南區、北區、安平區、中西區,金城街,全部（路含巷）,140,,,
東區、南區、北區、安平區、中西區,和美街,西和路以南,130,,,
東區、南區、北區、安平區、中西區,和美街,西和路以北,120,,,
東區、南區、北區、安平區、中西區,和真街,西和路以南,130,,,
東區、南區、北區、安平區、中西區,和真街,西和路以北,120,,,
東區、南區、北區、安平區、中西區,和善街,西和路以南,130,,,
東區、南區、北區、安平區、中西區,和善街,西和路以北,120,,,
東區、南區、北區、安平區、中西區,和平街,全部（路含巷）,140,,,
東區、南區、北區、安平區、中西區,和意路,單號全部,140,,,
東區、南區、北區、安平區、中西區,和意路,雙號全部,130,,,
東區、南區、北區、安平區、中西區,和緯路一段,全部（路含巷）,110,,,
東區、南區、北區、安平區、中西區,和緯路二段,路全部,120,,,
東區、南區、北區、安平區、中西區,和緯路二段,巷全部,110,,,
東區、南區、北區、安平區、中西區,和緯路三段,路全部,120,,,
東區、南區、北區、安平區、中西區,和緯路三段,巷全部,110,,,
東區、南區、北區、安平區、中西區,和緯路四段,路全部,120,,,
東區、南區、北區、安平區、中西區,和緯路四段,巷全部,110,,,
東區、南區、北區、安平區、中西區,和緯路五段,路全部,120,,,
東區、南區、北區、安平區、中西區,和緯路五段,巷全部,110,,,
東區、南區、北區、安平區、中西區,長榮路一段,全部（路含巷）,120,,,
東區、南區、北區、安平區、中西區,長榮路二段,全部（路含巷）,130,,,
東區、南區、北區、安平區、中西區,長榮路三段,路全部,140,,,
東區、南區、北區、安平區、中西區,長榮路三段,巷全部,115,,,
東區、南區、北區、安平區、中西區,長榮路四段,全部（路含巷）,115,,,
東區、南區、北區、安平區、中西區,長榮路五段,路全部（地下道週圍除外）,115,,,
東區、南區、北區、安平區、中西區,長榮路五段,巷全部及地下道週圍,110,,,
東區、南區、北區、安平區、中西區,長東街,全部（路含巷）,110,,,
東區、南區、北區、安平區、中西區,長北街,路全部,130,,,
東區、南區、北區、安平區、中西區,長北街,巷全部,120,,,
東區、南區、北區、安平區、中西區,長南街,全部（路含巷）,120,,,
東區、南區、北區、安平區、中西區,長勝路,全部（路含巷）,110,,,
東區、南區、北區、安平區、中西區,育平七街,全部（路含巷）,110,,,
東區、南區、北區、安平區、中西區,育平八街,全部（路含巷）,110,,,
東區、南區、北區、安平區、中西區,育平九街,全部（路含巷）,120,,,
東區、南區、北區、安平區、中西區,協和街,全部（路含巷）,130,,,
東區、南區、北區、安平區、中西區,法華街,全部（路含巷）,130,,,
東區、南區、北區、安平區、中西區,明興路,路全部,120,,,
東區、南區、北區、安平區、中西區,明興路,巷全部,110,,,
東區、南區、北區、安平區、中西區,怡東路,路全部,120,,,
東區、南區、北區、安平區、中西區,怡東路,巷全部,115,,,
東區、南區、北區、安平區、中西區,怡平路,全部（路含巷）,120,,,
東區、南區、北區、安平區、中西區,延平街,路全部,120,,,
東區、南區、北區、安平區、中西區,延平街,巷全部,110,,,
東區、南區、北區、安平區、中西區,南門路,民生綠園-府前路,140,,,
東區、南區、北區、安平區、中西區,南門路,府前路-末點,130,,,
東區、南區、北區、安平區、中西區,南門路,巷全部,130,,,
東區、南區、北區、安平區、中西區,南寧街,全部（路含巷）,130,,,
東區、南區、北區、安平區、中西區,南華街,全部（路含巷）,130,,,
東區、南區、北區、安平區、中西區,南園街,全部（路含巷）,120,,,
東區、南區、北區、安平區、中西區,南樂街,全部（路含巷）,120,,,
東區、南區、北區、安平區、中西區,南功街,全部（路含巷）,120,,,
東區、南區、北區、安平區、中西區,南豐街,全部（路含巷）,120,,,
東區、南區、北區、安平區、中西區,南明街,全部（路含巷）,120,,,
東區、南區、北區、安平區、中西區,南和路,全部（路含巷）,110,,,
東區、南區、北區、安平區、中西區,保安路,西門路-海安路,150,,,
東區、南區、北區、安平區、中西區,保安路,海安路~終點,140,,,
東區、南區、北區、安平區、中西區,保安路,巷全部,130,,,
東區、南區、北區、安平區、中西區,前鋒路,全部（路含巷）,130,,,
東區、南區、北區、安平區、中西區,信義街,全部（路含巷）,130,,,
東區、南區、北區、安平區、中西區,建安街,全部（路含巷）,130,,,
東區、南區、北區、安平區、中西區,效忠街,全部（路含巷）,110,,,
東區、南區、北區、安平區、中西區,康樂街,大勇街~大仁街　　　　　　　　　　　　　（路含巷）,140,,,
東區、南區、北區、安平區、中西區,康樂街,大仁街~民生路　　　　　　　　　　　（路含巷）,160,,,
東區、南區、北區、安平區、中西區,康樂街,民生路~成功路（路含巷）,130,,,
東區、南區、北區、安平區、中西區,康樂街,成功路~臨安路（路含巷）,120,,,
東區、南區、北區、安平區、中西區,國華街一段,路全部,130,,,
東區、南區、北區、安平區、中西區,國華街一段,巷全部,130,,,
東區、南區、北區、安平區、中西區,國華街二段,永華路~友愛街,150,,,
東區、南區、北區、安平區、中西區,國華街二段,巷(永華路~友愛街),140,,,
東區、南區、北區、安平區、中西區,國華街二段,友愛街~中正路,190,,,
東區、南區、北區、安平區、中西區,國華街二段,巷(友愛街~中正路),170,,,
東區、南區、北區、安平區、中西區,國華街三段,中正路~民生路,150,,,
東區、南區、北區、安平區、中西區,國華街三段,巷(中正路~民生路),140,,,
東區、南區、北區、安平區、中西區,國華街三段,民生路~成功路,140,,,
東區、南區、北區、安平區、中西區,國華街三段,巷(民生路~成功路),130,,,
東區、南區、北區、安平區、中西區,國華街四段,路全部,120,,,
東區、南區、北區、安平區、中西區,國華街四段,巷全部,120,,,
東區、南區、北區、安平區、中西區,國民路,全部（路含巷）,110,,,
東區、南區、北區、安平區、中西區,國平路,全部（路含巷）,120,,,
東區、南區、北區、安平區、中西區,國勝路,全部（路含巷）,110,,,
東區、南區、北區、安平區、中西區,健康路一段,路全部,140,,,
東區、南區、北區、安平區、中西區,健康路一段,巷全部,130,,,
東區、南區、北區、安平區、中西區,健康路二段,路全部,140,,,
東區、南區、北區、安平區、中西區,健康路二段,巷全部,130,,,
東區、南區、北區、安平區、中西區,健康路三段,全部（路含巷）,130,,,
東區、南區、北區、安平區、中西區,健康一~四街,全部（路含巷）,120,,,
東區、南區、北區、安平區、中西區,莊敬路,巷全部,115,,,
東區、南區、北區、安平區、中西區,清水路,全部（路含巷）,110,,,
東區、南區、北區、安平區、中西區,開元路,1號~61號、2號~62號,120,,,
東區、南區、北區、安平區、中西區,開元路,61號、62號~北園街,140,,,
東區、南區、北區、安平區、中西區,開元路,北園街~末點(單號),125,,,
東區、南區、北區、安平區、中西區,開元路,北園街~末點(雙號),120,,,
東區、南區、北區、安平區、中西區,開元路,117巷（開元市場）,130,,,
東區、南區、北區、安平區、中西區,開元路,巷:起點~長榮路,110,,,
東區、南區、北區、安平區、中西區,開元路,巷:長榮路~終點,120,,,
東區、南區、北區、安平區、中西區,開南街,路全部,110,,,
東區、南區、北區、安平區、中西區,開南街,121、143巷,120,,,
東區、南區、北區、安平區、中西區,開南街,巷全部（121、143巷除外）,110,,,
東區、南區、北區、安平區、中西區,開山路,路全部,150,,,
東區、南區、北區、安平區、中西區,開山路,巷全部,130,,,
東區、南區、北區、安平區、中西區,華平路,全部（路含巷）,120,,,
東區、南區、北區、安平區、中西區,勝利路,東門城~東寧路,140,,,
東區、南區、北區、安平區、中西區,勝利路,東寧路~大學路,150,,,
東區、南區、北區、安平區、中西區,勝利路,大學路~開元路,140,,,
東區、南區、北區、安平區、中西區,勝利路,巷：東門城-東豐路,120,,,
東區、南區、北區、安平區、中西區,勝利路,巷：東豐路-開元路,110,,,
東區、南區、北區、安平區、中西區,富德街,全部（路含巷）,130,,,
東區、南區、北區、安平區、中西區,富北街,路全部,130,,,
東區、南區、北區、安平區、中西區,富北街,巷全部,120,,,
東區、南區、北區、安平區、中西區,富農街一段,全部（路含巷）,110,,,
東區、南區、北區、安平區、中西區,富農街二段,全部（路含巷）,110,,,
東區、南區、北區、安平區、中西區,富強一街,全部（路含巷）,110,,,
東區、南區、北區、安平區、中西區,富強二街,全部（路含巷）,110,,,
東區、南區、北區、安平區、中西區,富強三街,全部（路含巷）,110,,,
東區、南區、北區、安平區、中西區,湖美街,全部（路含巷）,130,,,
東區、南區、北區、安平區、中西區,新義南路,全部（路含巷）,120,,,
東區、南區、北區、安平區、中西區,新和路,全部（路含巷）,120,,,
東區、南區、北區、安平區、中西區,新和一路,全部（路含巷）,120,,,
東區、南區、北區、安平區、中西區,新和二路,全部（路含巷）,120,,,
東區、南區、北區、安平區、中西區,新和橫路,全部（路含巷）,120,,,
東區、南區、北區、安平區、中西區,新平路,全部（路含巷）,120,,,
東區、南區、北區、安平區、中西區,新樂路,全部（路含巷）,120,,,
東區、南區、北區、安平區、中西區,新濱路,全部（路含巷）,120,,,
東區、南區、北區、安平區、中西區,新建路,全部（路含巷）,120,,,
東區、南區、北區、安平區、中西區,新都路,全部（路含巷）,110,,,
東區、南區、北區、安平區、中西區,新港路,全部（路含巷）,120,,,
東區、南區、北區、安平區、中西區,新樓街,全部（路含巷）,130,,,
東區、南區、北區、安平區、中西區,運河路,全部（路含巷）,110,,,
東區、南區、北區、安平區、中西區,慈聖街,全部（路含巷）,130,,,
東區、南區、北區、安平區、中西區,慈音街,全部（路含巷）,130,,,
東區、南區、北區、安平區、中西區,聖南街,全部（路含巷）,130,,,
東區、南區、北區、安平區、中西區,裕民街,成功路-34巷,140,,,
東區、南區、北區、安平區、中西區,裕民街,34巷-末點,120,,,
東區、南區、北區、安平區、中西區,裕農路,路全部,130,,,
東區、南區、北區、安平區、中西區,裕農路,巷全部,110,,,
東區、南區、北區、安平區、中西區,裕農一~六街,全部（路含巷）,120,,,
東區、南區、北區、安平區、中西區,裕豐街,全部（路含巷）,110,,,
東區、南區、北區、安平區、中西區,裕忠路,全部（路含巷）,130,,,
東區、南區、北區、安平區、中西區,裕忠一-三街,全部（路含巷）,120,,,
東區、南區、北區、安平區、中西區,裕孝路,全部（路含巷）,130,,,
東區、南區、北區、安平區、中西區,裕孝一-三街,全部（路含巷）,120,,,
東區、南區、北區、安平區、中西區,裕信路,全部（路含巷）,130,,,
東區、南區、北區、安平區、中西區,裕信一-六街,全部（路含巷）,120,,,
東區、南區、北區、安平區、中西區,裕義路,全部（路含巷）,130,,,
東區、南區、北區、安平區、中西區,裕和路,全部（路含巷）,130,,,
東區、南區、北區、安平區、中西區,裕和一-五街,全部（路含巷）,120,,,
東區、南區、北區、安平區、中西區,裕平路,全部（路含巷）,130,,,
東區、南區、北區、安平區、中西區,衛國街,1號-47號 、2號-104號,130,,,
東區、南區、北區、安平區、中西區,衛國街,巷（1號-47號）,130,,,
東區、南區、北區、安平區、中西區,衛國街,巷（2號-106號）,120,,,
東區、南區、北區、安平區、中西區,衛國街,巷（除各巷1號-47號）（2號-106號）,110,,,
東區、南區、北區、安平區、中西區,衛民街,路全部,140,,,
東區、南區、北區、安平區、中西區,衛民街,巷全部,130,,,
東區、南區、北區、安平區、中西區,慶中街,全部（路含巷）,130,,,
東區、南區、北區、安平區、中西區,慶東街,全部（路含巷）,130,,,
東區、南區、北區、安平區、中西區,慶平路,路全部,130,,,
東區、南區、北區、安平區、中西區,慶平路,巷全部,120,,,
東區、南區、北區、安平區、中西區,慶南街,全部（路含巷）,130,,,
東區、南區、北區、安平區、中西區,德興路,全部（路含巷）,110,,,
東區、南區、北區、安平區、中西區,德高街,全部（路含巷）,110,,,
東區、南區、北區、安平區、中西區,德東街,全部（路含巷）,110,,,
東區、南區、北區、安平區、中西區,德南街,全部（路含巷）,120,,,
東區、南區、北區、安平區、中西區,德光街,全部（路含巷）,120,,,
東區、南區、北區、安平區、中西區,德昌路,全部（路含巷）,110,,,
東區、南區、北區、安平區、中西區,廣慈街,全部（路含巷）,130,,,
東區、南區、北區、安平區、中西區,賢北街,全部（路含巷）,110,,,
東區、南區、北區、安平區、中西區,賢南街,全部（路含巷）,130,,,
東區、南區、北區、安平區、中西區,興華街,路全部,150,,,
東區、南區、北區、安平區、中西區,興華街,巷全部,130,,,
東區、南區、北區、安平區、中西區,興昌路,全部（路含巷）,130,,,
東區、南區、北區、安平區、中西區,興中街,全部（路含巷）,110,,,
東區、南區、北區、安平區、中西區,興南街,全部（路含巷）,100,,,
東區、南區、北區、安平區、中西區,興隆路,全部（路含巷）,110,,,
東區、南區、北區、安平區、中西區,樹林街一段,路全部,120,,,
東區、南區、北區、安平區、中西區,樹林街一段,巷全部,120,,,
東區、南區、北區、安平區、中西區,樹林街二段,路全部,120,,,
東區、南區、北區、安平區、中西區,樹林街二段,巷全部,110,,,
東區、南區、北區、安平區、中西區,大學路西段,路全部,140,,,
東區、南區、北區、安平區、中西區,大學路西段,巷全部,120,,,
東區、南區、北區、安平區、中西區,大林路,全部（路含巷）,130,,,
東區、南區、北區、安平區、中西區,大港街,全部（路含巷）,110,,,
東區、南區、北區、安平區、中西區,大興街,全部（路含巷）,110,,,
東區、南區、北區、安平區、中西區,大武街,全部（路含巷）,110,,,
東區、南區、北區、安平區、中西區,大平路,全部（路含巷）,110,,,
東區、南區、北區、安平區、中西區,大和路,全部（路含巷）,110,,,
東區、南區、北區、安平區、中西區,三官路,全部（路含巷）,130,,,
東區、南區、北區、安平區、中西區,三和街,全部（路含巷）,130,,,
東區、南區、北區、安平區、中西區,小東路,路全部,130,,,
東區、南區、北區、安平區、中西區,小東路,巷全部,110,,,
東區、南區、北區、安平區、中西區,小北路,全部（路含巷）,120,,,
東區、南區、北區、安平區、中西區,中正路,民生綠園-忠義路,170,,,
東區、南區、北區、安平區、中西區,中正路,忠義路-海安路,200,,,
東區、南區、北區、安平區、中西區,中正路,海安路-康樂街,180,,,
東區、南區、北區、安平區、中西區,中正路,康樂街-終點,140,,,
東區、南區、北區、安平區、中西區,中正路,352號-352~27號 343號343~26號,140,,,
東區、南區、北區、安平區、中西區,中正路,193、199、209、217、273、283巷,170,,,
東區、南區、北區、安平區、中西區,中正路,巷全部(193、199、209、217、273、283巷除外),140,,,
東區、南區、北區、安平區、中西區,中山路,路全部,170,,,
東區、南區、北區、安平區、中西區,中山路,8、79、82巷,140,,,
東區、南區、北區、安平區、中西區,中華東路一段,路全部,130,,,
東區、南區、北區、安平區、中西區,中華東路一段,巷全部,110,,,
東區、南區、北區、安平區、中西區,中華東路二段,路全部,140,,,
東區、南區、北區、安平區、中西區,中華東路二段,巷全部,110,,,
東區、南區、北區、安平區、中西區,中華東路三段,起點至399巷（單號）,140,,,
東區、南區、北區、安平區、中西區,公園北路,全部（路含巷）,130,,,
東區、南區、北區、安平區、中西區,公園南路,路（北門路二段至西門路）,120,,,
東區、南區、北區、安平區、中西區,公園南路,路（西門路至臨安路二段）,140,,,
東區、南區、北區、安平區、中西區,公園南路,巷全部,120,,,
東區、南區、北區、安平區、中西區,公英一街~七街,全部（路含巷）,110,,,
東區、南區、北區、安平區、中西區,文賢路,"13-115,6-116號",130,,,
東區、南區、北區、安平區、中西區,文賢路,"起點-610號（13-115,6-116號除外）",140,,,
東區、南區、北區、安平區、中西區,文賢路,610號-末點,130,,,
東區、南區、北區、安平區、中西區,文賢路,"32,67,97,110巷",120,,,
東區、南區、北區、安平區、中西區,文賢路,"巷〔起點-204號〕(32,67,97,110巷除外)",130,,,
東區、南區、北區、安平區、中西區,文賢路,巷〔204號-610號〕,120,,,
東區、南區、北區、安平區、中西區,文賢路,巷﹝610號-末點﹞,110,,,
東區、南區、北區、安平區、中西區,文賢一路,全部（路含巷）,130,,,
東區、南區、北區、安平區、中西區,文賢二街,全部（路含巷）,120,,,
東區、南區、北區、安平區、中西區,文賢三街,全部（路含巷）,120,,,
東區、南區、北區、安平區、中西區,文和街,全部（路含巷）,120,,,
東區、南區、北區、安平區、中西區,文成路,全部（路含巷）,130,,,
東區、南區、北區、安平區、中西區,文成一路,全部（路含巷）,130,,,
東區、南區、北區、安平區、中西區,文成二街,全部（路含巷）,120,,,
東區、南區、北區、安平區、中西區,文成三路,全部（路含巷）,130,,,
東區、南區、北區、安平區、中西區,文成五街,全部（路含巷）,120,,,
東區、南區、北區、安平區、中西區,文南路,路全部,125,,,
東區、南區、北區、安平區、中西區,文南路,巷全部,120,,,
東區、南區、北區、安平區、中西區,文南一街,全部（路含巷）,120,,,
東區、南區、北區、安平區、中西區,文南二街,全部（路含巷）,120,,,
東區、南區、北區、安平區、中西區,文南三街,全部（路含巷）,120,,,
東區、南區、北區、安平區、中西區,文平路,全部（路含巷）,120,,,
東區、南區、北區、安平區、中西區,文東街,全部（路含巷）,110,,,
東區、南區、北區、安平區、中西區,文元路,全部（路含巷）,110,,,
東區、南區、北區、安平區、中西區,文祥街,全部（路含巷）,120,,,
東區、南區、北區、安平區、中西區,民權路三段,金華路四段-末點,130,,,
東區、南區、北區、安平區、中西區,民權路三段,巷全部,130,,,
東區、南區、北區、安平區、中西區,民權路四段,全部（路含巷）,130,,,
東區、南區、北區、安平區、中西區,民生路一段,民生綠園-永福路二段,160,,,
東區、南區、北區、安平區、中西區,民生路一段,永福路二段-西門路,170,,,
東區、南區、北區、安平區、中西區,民生路一段,巷全部,140,,,
東區、南區、北區、安平區、中西區,民生路二段,西門路-金華路三段,160,,,
東區、南區、北區、安平區、中西區,民生路二段,金華路三段-中華西路二段,150,,,
東區、南區、北區、安平區、中西區,民生路二段,巷(西門路-金華路三段),140,,,
東區、南區、北區、安平區、中西區,民生路二段,巷﹝金華路三段-末點﹞,130,,,
東區、南區、北區、安平區、中西區,民族路一段,路全部,130,,,
東區、南區、北區、安平區、中西區,民族路一段,巷全部,120,,,
東區、南區、北區、安平區、中西區,民族路二段,路全部,160,,,
東區、南區、北區、安平區、中西區,民族路二段,巷全部,130,,,
東區、南區、北區、安平區、中西區,民族路三段,路全部,150,,,
東區、南區、北區、安平區、中西區,民族路三段,巷全部,130,,,
東區、南區、北區、安平區、中西區,民族一街,全部（路含巷）,130,,,
東區、南區、北區、安平區、中西區,民德路,全部（路含巷）,120,,,
東區、南區、北區、安平區、中西區,北門路一段,路全部,160,,,
東區、南區、北區、安平區、中西區,北門路一段,巷全部,130,,,
東區、南區、北區、安平區、中西區,北門路二段,火車站~開元路,140,,,
東區、南區、北區、安平區、中西區,北門路二段,開元路~末點,110,,,
東區、南區、北區、安平區、中西區,北門路二段,巷（火車站~開元路）,130,,,
東區、南區、北區、安平區、中西區,北門路二段,巷（開元路~末點）,110,,,
東區、南區、北區、安平區、中西區,北門路三段,全部（路含巷）,110,,,
東區、南區、北區、安平區、中西區,北園街,開元路~開元寺,130,,,
東區、南區、北區、安平區、中西區,北園街,開元寺~末點,110,,,
東區、南區、北區、安平區、中西區,北園街,巷全部,110,,,
東區、南區、北區、安平區、中西區,北安路一段,全部（路含巷）,120,,,
東區、南區、北區、安平區、中西區,永南街,全部（路含巷）,120,,,
東區、南區、北區、安平區、中西區,永南一街,全部（路含巷）,120,,,
東區、南區、北區、安平區、中西區,永南二街,全部（路含巷）,120,,,
東區、南區、北區、安平區、中西區,永南三街,全部（路含巷）,120,,,
東區、南區、北區、安平區、中西區,永南四街,全部（路含巷）,120,,,
東區、南區、北區、安平區、中西區,正德街,路全部,150,,,
東區、南區、北區、安平區、中西區,正德街,巷全部,140,,,
東區、南區、北區、安平區、中西區,正興街,全部（路含巷）,140,,,
東區、南區、北區、安平區、中西區,正覺街,全部（路含巷）,110,,,
東區、南區、北區、安平區、中西區,生產路,全部（路含巷）,110,,,
東區、南區、北區、安平區、中西區,平生路,全部（路含巷）,110,,,
東區、南區、北區、安平區、中西區,平通路,全部（路含巷）,120,,,
東區、南區、北區、安平區、中西區,平豐路,全部（路含巷）,120,,,
東區、南區、北區、安平區、中西區,古堡街,全部（路含巷）,110,,,
東區、南區、北區、安平區、中西區,世平路,全部（路含巷）,110,,,
東區、南區、北區、安平區、中西區,世平一~五街,全部（路含巷）,110,,,
東區、南區、北區、安平區、中西區,西門路一段,起點~大成路全部（路含巷）,110,,,
東區、南區、北區、安平區、中西區,西門路一段,大成路~新興路,140,,,
東區、南區、北區、安平區、中西區,西門路一段,新興路~樹林街,140,,,
東區、南區、北區、安平區、中西區,西門路一段,樹林街~和意路(雙號),155,,,
東區、南區、北區、安平區、中西區,西門路一段,樹林街~和意路(單號),150,,,
東區、南區、北區、安平區、中西區,西門路一段,和意路~府前路,150,,,
東區、南區、北區、安平區、中西區,西門路一段,巷（大成路~新興路）,120,,,
東區、南區、北區、安平區、中西區,西門路一段,巷（新興路~府前路）,130,,,
東區、南區、北區、安平區、中西區,西門路二段,府前路-友愛街（不含巷）,150,,,
東區、南區、北區、安平區、中西區,西門路二段,友愛街-中正路（不含巷）,160,,,
東區、南區、北區、安平區、中西區,西門路二段,中正路-民生路（不含巷）,180,,,
東區、南區、北區、安平區、中西區,西門路二段,西門市場（不含巷）,180,,,
東區、南區、北區、安平區、中西區,西門路二段,民生路-民權路,180,,,
東區、南區、北區、安平區、中西區,西門路二段,民權路-民族路,180,,,
東區、南區、北區、安平區、中西區,自強街,路全部,130,,,
東區、南區、北區、安平區、中西區,自強街,巷全部,120,,,
東區、南區、北區、安平區、中西區,自由路一段,全部（路含巷）,110,,,
東區、南區、北區、安平區、中西區,自由路二段,路全部,130,,,
東區、南區、北區、安平區、中西區,自由路二段,巷全部,110,,,
東區、南區、北區、安平區、中西區,光華街,全部（路含巷）,120,,,
東區、南區、北區、安平區、中西區,光州路,路全部,130,,,
東區、南區、北區、安平區、中西區,光州路,巷全部,120,,,
東區、南區、北區、安平區、中西區,光州一街~八街,全部（路含巷）,110,,,
東區、南區、北區、安平區、中西區,光明街,全部（路含巷）,120,,,
東區、南區、北區、安平區、中西區,光賢街,全部（路含巷）,120,,,
東區、南區、北區、安平區、中西區,旭日街,全部（路含巷）,110,,,
東區、南區、北區、安平區、中西區,同平路,全部（路含巷）,110,,,
東區、南區、北區、安平區、中西區,州平一~四街,全部（路含巷）,110,,,
東區、南區、北區、安平區、中西區,竹溪街,全部（路含巷）,130,,,
東區、南區、北區、安平區、中西區,赤崁街,路全部,150,,,
東區、南區、北區、安平區、中西區,赤崁街,巷全部,140,,,
東區、南區、北區、安平區、中西區,赤崁東街,全部（路含巷）,130,,,
東區、南區、北區、安平區、中西區,佑民街,路全部,130,,,
東區、南區、北區、安平區、中西區,佑民街,巷全部,110,,,
東區、南區、北區、安平區、中西區,利東街,全部（路含巷）,110,,,
東區、南區、北區、安平區、中西區,利南街,全部（路含巷）,120,,,
東區、南區、北區、安平區、中西區,青年路,民生綠園-北門路一段,150,,,
東區、南區、北區、安平區、中西區,青年路,北門路一段-勝利路,140,,,
東區、南區、北區、安平區、中西區,青年路,巷?民生綠園-北門路一段?,140,,,
東區、南區、北區、安平區、中西區,青年路,巷?北門路一段-勝利路?,130,,,
東區、南區、北區、安平區、中西區,東門路一段,路全部（路橋兩側除外）,140,,,
東區、南區、北區、安平區、中西區,忠義路二段,巷全部,140,,,
東區、南區、北區、安平區、中西區,忠義路三段,路全部,150,,,
東區、南區、北區、安平區、中西區,忠義路三段,335巷,140,,,
東區、南區、北區、安平區、中西區,忠義路三段,巷全部﹝335巷除外﹞,120,,,
東區、南區、北區、安平區、中西區,忠明街,全部（路含巷）,130,,,
東區、南區、北區、安平區、中西區,忠孝街,全部（路含巷）,130,,,
東區、南區、北區、安平區、中西區,府前路一段,東門圓環-開山路,160,,,
東區、南區、北區、安平區、中西區,府前路一段,開山路-西門路,150,,,
東區、南區、北區、安平區、中西區,府前路一段,巷（東門圓環~開山路）,140,,,
東區、南區、北區、安平區、中西區,府前路一段,巷（開山路~西門路）,130,,,
東區、南區、北區、安平區、中西區,府前路二段,起點~大智街,150,,,
東區、南區、北區、安平區、中西區,府前路二段,大智街~末點,130,,,
東區、南區、北區、安平區、中西區,府連路,健康路-大同路一段,140,,,
東區、南區、北區、安平區、中西區,府連路,大同路一段-火車道,130,,,
東區、南區、北區、安平區、中西區,府連路,火車道-末點,120,,,
東區、南區、北區、安平區、中西區,府連東路,全部（路含巷）,120,,,
東區、南區、北區、安平區、中西區,府東街,全部（路含巷）,130,,,
東區、南區、北區、安平區、中西區,府中街,全部（路含巷）,130,,,
東區、南區、北區、安平區、中西區,府前一街,全部（路含巷）,130,,,
東區、南區、北區、安平區、中西區,府前二街,全部（路含巷）,130,,,
東區、南區、北區、安平區、中西區,府前三街,全部（路含巷）,120,,,
東區、南區、北區、安平區、中西區,府前四街,全部（路含巷）,120,,,
東區、南區、北區、安平區、中西區,府平路,全部（路含巷）,120,,,
東區、南區、北區、安平區、中西區,府緯街,全部（路含巷）,130,,,
東區、南區、北區、安平區、中西區,金華路一段,全部（路含巷）,120,,,
東區、南區、北區、安平區、中西區,金華路二段,路全部,140,,,
東區、南區、北區、安平區、中西區,金華路二段,巷全部,120,,,
東區、南區、北區、安平區、中西區,金華路三段,全部（路含巷）,140,,,
東區、南區、北區、安平區、中西區,金華路四段,路全部,140,,,
東區、南區、北區、安平區、中西區,金華路四段,巷全部,130,,,
東區、南區、北區、安平區、中西區,金華路五段,全部（路含巷）,130,,,
東區、南區、北區、安平區、中西區,長勝北街,全部（路含巷）,110,,,
東區、南區、北區、安平區、中西區,長德街,全部（路含巷）,120,,,
東區、南區、北區、安平區、中西區,長賢街,全部（路含巷）,120,,,
東區、南區、北區、安平區、中西區,林森路一段,路全部,120,,,
東區、南區、北區、安平區、中西區,林森路一段,巷全部,115,,,
東區、南區、北區、安平區、中西區,林森路二段,路全部（崇誨國宅除外）,140,,,
東區、南區、北區、安平區、中西區,林森路二段,崇誨國宅,120,,,
東區、南區、北區、安平區、中西區,林森路二段,巷全部,115,,,
東區、南區、北區、安平區、中西區,林森路三段,路全部,120,,,
東區、南區、北區、安平區、中西區,林森路三段,巷全部,110,,,
東區、南區、北區、安平區、中西區,河中街,路全部,140,,,
東區、南區、北區、安平區、中西區,河中街,巷全部,130,,,
東區、南區、北區、安平區、中西區,武德街,全部（路含巷）,140,,,
東區、南區、北區、安平區、中西區,武英街,全部（路含巷）,130,,,
東區、南區、北區、安平區、中西區,武聖路,全部（路含巷）,120,,,
東區、南區、北區、安平區、中西區,育樂街,路全部,130,,,
東區、南區、北區、安平區、中西區,育樂街,巷全部,120,,,
東區、南區、北區、安平區、中西區,育南街,全部（路含巷）,120,,,
東區、南區、北區、安平區、中西區,育德路,全部（路含巷）,130,,,
東區、南區、北區、安平區、中西區,育德一街,全部（路含巷）,120,,,
東區、南區、北區、安平區、中西區,育德二路,全部（路含巷）,130,,,
東區、南區、北區、安平區、中西區,育德三街,全部（路含巷）,120,,,
東區、南區、北區、安平區、中西區,育北街,全部（路含巷）,120,,,
東區、南區、北區、安平區、中西區,育賢街,全部（路含巷）,120,,,
東區、南區、北區、安平區、中西區,育成路,全部（路含巷）,130,,,
東區、南區、北區、安平區、中西區,育平路,全部（路含巷）,120,,,
東區、南區、北區、安平區、中西區,育平一街,全部（路含巷）,110,,,
東區、南區、北區、安平區、中西區,育平二街,全部（路含巷）,120,,,
東區、南區、北區、安平區、中西區,育平三街,全部（路含巷）,110,,,
東區、南區、北區、安平區、中西區,育平四街,全部（路含巷）,120,,,
東區、南區、北區、安平區、中西區,育平五街,全部（路含巷）,120,,,
東區、南區、北區、安平區、中西區,育平六街,全部（路含巷）,110,,,
東區、南區、北區、安平區、中西區,建平路,全部（路含巷）,120,,,
東區、南區、北區、安平區、中西區,建平一街~十七街,全部（路含巷）,120,,,
東區、南區、北區、安平區、中西區,建東街,全部（路含巷）,110,,,
東區、南區、北區、安平區、中西區,建南路,全部（路含巷）,120,,,
東區、南區、北區、安平區、中西區,建業街,全部（路含巷）,130,,,
東區、南區、北區、安平區、中西區,城隍街,全部（路含巷）,140,,,
東區、南區、北區、安平區、中西區,城東街,全部（路含巷）,110,,,
東區、南區、北區、安平區、中西區,城平路,全部（路含巷）,110,,,
東區、南區、北區、安平區、中西區,神農街,全部（路含巷）,130,,,
東區、南區、北區、安平區、中西區,美南街,全部（路含巷）,120,,,
東區、南區、北區、安平區、中西區,美麗街,全部（路含巷）,130,,,
東區、南區、北區、安平區、中西區,省躬一街,全部（路含巷）,100,,,
東區、南區、北區、安平區、中西區,省躬二街,全部（路含巷）,100,,,
東區、南區、北區、安平區、中西區,省躬三街,全部（路含巷）,100,,,
東區、南區、北區、安平區、中西區,省躬橫街,全部（路含巷）,100,,,
東區、南區、北區、安平區、中西區,海安路,永華路~友愛街,150,,,
東區、南區、北區、安平區、中西區,海安路,友愛街~民族路,180,,,
東區、南區、北區、安平區、中西區,海安路,民族路~成功路,140,,,
東區、南區、北區、安平區、中西區,海安路,巷全部,130,,,
東區、南區、北區、安平區、中西區,海安路三段,成功路~民德路,140,,,
東區、南區、北區、安平區、中西區,海安路三段,民德路~中華北路,130,,,
東區、南區、北區、安平區、中西區,海安路三段,巷(成功路~民德路),130,,,
東區、南區、北區、安平區、中西區,海安路三段,巷(民德路~中華北路),120,,,
東區、南區、北區、安平區、中西區,海成街,全部（路含巷）,120,,,
東區、南區、北區、安平區、中西區,宮後街,全部（路含巷）,150,,,
東區、南區、北區、安平區、中西區,夏林路,全部（路含巷）,130,,,
東區、南區、北區、安平區、中西區,郡平路,全部（路含巷）,120,,,
東區、南區、北區、安平區、中西區,郡緯街,全部（路含巷）,130,,,
東區、南區、北區、安平區、中西區,郡西路,全部（路含巷）,130,,,
東區、南區、北區、安平區、中西區,健民街,全部（路含巷）,130,,,
東區、南區、北區、安平區、中西區,崇安街,路全部,130,,,
東區、南區、北區、安平區、中西區,崇安街,巷全部,110,,,
東區、南區、北區、安平區、中西區,崇道路,全部（路含巷）,120,,,
東區、南區、北區、安平區、中西區,崇學路,路全部,130,,,
東區、南區、北區、安平區、中西區,崇學路,巷全部,120,,,
東區、南區、北區、安平區、中西區,崇明路,路:起點-中華東路,130,,,
東區、南區、北區、安平區、中西區,崇明路,路:中華東路-終點,125,,,
東區、南區、北區、安平區、中西區,崇明路,巷全部,120,,,
東區、南區、北區、安平區、中西區,崇明一街~二十四街,全部（路含巷）,120,,,
東區、南區、北區、安平區、中西區,崇德路,路全部,125,,,
東區、南區、北區、安平區、中西區,崇德路,巷全部,120,,,
東區、南區、北區、安平區、中西區,崇德一街~二十五街,全部（路含巷）,120,,,
東區、南區、北區、安平區、中西區,崇德二十六街~三十四街,全部（路含巷）,110,,,
東區、南區、北區、安平區、中西區,崇善路,路:起點-中華東路,125,,,
東區、南區、北區、安平區、中西區,崇善路,路:中華東路-終點,120,,,
東區、南區、北區、安平區、中西區,崇善路,巷全部,120,,,
東區、南區、北區、安平區、中西區,崇善一街~十三街,全部（路含巷）,120,,,
東區、南區、北區、安平區、中西區,崇善十四街~十五街,全部（路含巷）,110,,,
東區、南區、北區、安平區、中西區,崇善十六街,全部（路含巷）,110,,,
東區、南區、北區、安平區、中西區,崇善東路,路全部,120,,,
東區、南區、北區、安平區、中西區,崇善東路,巷全部,115,,,
東區、南區、北區、安平區、中西區,崇仁街,全部（路含巷）,120,,,
東區、南區、北區、安平區、中西區,崇信街,全部（路含巷）,110,,,
東區、南區、北區、安平區、中西區,頂美一街,全部(路含巷),115,,,
東區、南區、北區、安平區、中西區,頂美二街,全部（路含巷）,115,,,
東區、南區、北區、安平區、中西區,頂美三街,全部（路含巷）,115,,,
東區、南區、北區、安平區、中西區,莊敬路,路全部,120,,,
東區、南區、北區、安平區、中西區,湖美一街,全部（路含巷）,130,,,
東區、南區、北區、安平區、中西區,湖美二街,全部（路含巷）,130,,,
東區、南區、北區、安平區、中西區,湖內一街,全部（路含巷）,110,,,
東區、南區、北區、安平區、中西區,湖內二街,全部（路含巷）,110,,,
東區、南區、北區、安平區、中西區,尊南街,全部（路含巷）,120,,,
東區、南區、北區、安平區、中西區,尊王路,全部（路含巷）,150,,,
東區、南區、北區、安平區、中西區,智南街,全部（路含巷）,120,,,
東區、南區、北區、安平區、中西區,喜樹路,路全部,110,,,
東區、南區、北區、安平區、中西區,喜樹路,巷全部,100,,,
東區、南區、北區、安平區、中西區,喜明街,全部（路含巷）,100,,,
東區、南區、北區、安平區、中西區,惠南街,全部（路含巷）,130,,,
東區、南區、北區、安平區、中西區,凱旋路,全部(路含巷),120,,,
東區、南區、北區、安平區、中西區,普濟街,全部（路含巷）,150,,,
東區、南區、北區、安平區、中西區,新美街,民生路一段~民權路二段,140,,,
東區、南區、北區、安平區、中西區,新美街,民權路二段-終點,130,,,
東區、南區、北區、安平區、中西區,新美街,巷全部,130,,,
東區、南區、北區、安平區、中西區,新河街,路全部,140,,,
東區、南區、北區、安平區、中西區,新河街,巷全部,120,,,
東區、南區、北區、安平區、中西區,新興路,路全部,140,,,
東區、南區、北區、安平區、中西區,新興路,巷全部,120,,,
東區、南區、北區、安平區、中西區,新慶街,全部（路含巷）,130,,,
東區、南區、北區、安平區、中西區,新城街,全部（路含巷）,130,,,
東區、南區、北區、安平區、中西區,新忠路,全部（路含巷）,120,,,
東區、南區、北區、安平區、中西區,新孝路,全部（路含巷）,120,,,
東區、南區、北區、安平區、中西區,新仁路,全部（路含巷）,120,,,
東區、南區、北區、安平區、中西區,新愛路,全部（路含巷）,120,,,
東區、南區、北區、安平區、中西區,新信路,全部（路含巷）,120,,,
東區、南區、北區、安平區、中西區,新義路,全部（路含巷）,120,,,
東區、南區、北區、安平區、中西區,裕平一街,全部（路含巷）,120,,,
東區、南區、北區、安平區、中西區,裕文路,全部（路含巷）,130,,,
東區、南區、北區、安平區、中西區,裕文一街,全部（路含巷）,120,,,
東區、南區、北區、安平區、中西區,裕敬路,全部（路含巷）,130,,,
東區、南區、北區、安平區、中西區,裕敬一-五街,全部（路含巷）,120,,,
東區、南區、北區、安平區、中西區,裕誠街,全部（路含巷）,120,,,
東區、南區、北區、安平區、中西區,裕禮街,全部（路含巷）,120,,,
東區、南區、北區、安平區、中西區,裕智街,全部（路含巷）,120,,,
東區、南區、北區、安平區、中西區,裕強街,全部（路含巷）,120,,,
東區、南區、北區、安平區、中西區,裕華一-三街,全部（路含巷）,120,,,
東區、南區、北區、安平區、中西區,裕東一-二街,全部（路含巷）,120,,,
東區、南區、北區、安平區、中西區,裕 德 街,全部（路含巷）,120,,,
東區、南區、北區、安平區、中西區,裕德一-六街,全部（路含巷）,120,,,
東區、南區、北區、安平區、中西區,裕永路,全部（路含巷）,130,,,
東區、南區、北區、安平區、中西區,裕永一街,全部（路含巷）,120,,,
東區、南區、北區、安平區、中西區,裕善街,全部（路含巷）,120,,,
東區、南區、北區、安平區、中西區,裕正街,全部（路含巷）,120,,,
東區、南區、北區、安平區、中西區,裕興街,全部（路含巷）,120,,,
東區、南區、北區、安平區、中西區,裕英街,全部（路含巷）,120,,,
東區、南區、北區、安平區、中西區,萬昌街,全部（路含巷）,140,,,
東區、南區、北區、安平區、中西區,萬年路,全部（路含巷）,120,,,
東區、南區、北區、安平區、中西區,敬南街,全部（路含巷）,120,,,
東區、南區、北區、安平區、中西區,福吉路,全部（路含巷）,130,,,
東區、南區、北區、安平區、中西區,福吉一~五街,全部（路含巷）,130,,,
東區、南區、北區、安平區、中西區,福德街,全部（路含巷）,130,,,
東區、南區、北區、安平區、中西區,榮譽街,路全部,115,,,
東區、南區、北區、安平區、中西區,榮譽街,巷全部,110,,,
東區、南區、北區、安平區、中西區,實踐街,全部（路含巷）,110,,,
東區、南區、北區、安平區、中西區,精忠三村,全部（路含巷）,100,,,
東區、南區、北區、安平區、中西區,精忠街,全部（路含巷）,100,,,
東區、南區、北區、安平區、中西區,漁光路,全部（路含巷）,100,,,
東區、南區、北區、安平區、中西區,龍山街,全部（路含巷）,120,,,
東區、南區、北區、安平區、中西區,濟生路,全部（路含巷）,130,,,
東區、南區、北區、安平區、中西區,環河街,全部（路含巷）,140,,,
東區、南區、北區、安平區、中西區,濱南路,全部（路含巷）,110,,,
東區、南區、北區、安平區、中西區,臨安路一段,路全部,140,,,
東區、南區、北區、安平區、中西區,臨安路一段,巷全部,130,,,
東區、南區、北區、安平區、中西區,臨安路二段,路全部,130,,,
東區、南區、北區、安平區、中西區,臨安路二段,巷全部,120,,,
東區、南區、北區、安平區、中西區,鯤鯓路,起點~濱南路全部（路含巷）,110,,,
東區、南區、北區、安平區、中西區,鯤鯓路,濱南路~末點全部（路含巷）,100,,,
東區、南區、北區、安平區、中西區,懷恩街,全部（路含巷）,120,,,
東區、南區、北區、安平區、中西區,體育路,全部（路含巷）,130,,,
東區、南區、北區、安平區、中西區,鹽埕路,全部（路含巷）,120,,,
東區、南區、北區、安平區、中西區,灣裡路,全部（路含巷）,110,,,
東區、南區、北區、安平區、中西區,觀亭街,全部（路含巷）,130,,,
東區、南區、北區、安平區、中西區,觀音街,全部（路含巷）,110,,,
東區、南區、北區、安平區、中西區,觀光城,全部（路含巷）,130,,,
安南區,十二佃路,全部（路含巷）,100,,,
安南區,大安街,全部（路含巷）,100,,,
安南區,大眾路,全部（路含巷）,90,,,
安南區,大眾一街,全部（路含巷）,90,,,
安南區,大眾二街,全部（路含巷）,90,,,
安南區,大眾三街,全部（路含巷）,90,,,
安南區,大眾五街,全部（路含巷）,90,,,
安南區,大眾六街,全部（路含巷）,90,,,
安南區,大聖路,全部（路含巷）,100,,,
安南區,大聖一街,全部（路含巷）,100,,,
安南區,大聖二街,全部（路含巷）,100,,,
安南區,大聖三街,全部（路含巷）,100,,,
安南區,工明路,全部（路含巷）,100,,,
安南區,工明一~五路,全部（路含巷）,100,,,
安南區,工明南一~三路,全部（路含巷）,100,,,
安南區,工業一~八路,全部（路含巷）,100,,,
安南區,工環路,全部（路含巷）,100,,,
安南區,公學路一段,全部（路含巷）,90,,,
安南區,公學路二段,全部（路含巷）,100,,,
安南區,公學路三段,全部（路含巷）,100,,,
安南區,公學路四段,全部（路含巷）,100,,,
安南區,公學路五段,全部（路含巷）,90,,,
安南區,公學路六段,全部（路含巷）,90,,,
安南區,公學路七段,全部（路含巷）,90,,,
安南區,仁安路,路全部,105,,,
安南區,仁安路,巷全部,100,,,
安南區,仁安一~八街,全部（路含巷）,100,,,
安南區,文安街,全部（路含巷）,100,,,
安南區,安中路二段,全部（路含巷）,110,,,
安南區,安中路三段,全部（路含巷）,110,,,
安南區,安中路四段,全部（路含巷）,110,,,
安南區,安中路五段,全部（路含巷）,110,,,
安南區,安中路六段,全部（路含巷）,100,,,
安南區,安中一街,全部（路含巷）,110,,,
安南區,安中二街,全部（路含巷）,110,,,
安南區,安生街,全部（路含巷）,100,,,
安南區,安吉路一段,全部（路含巷）,110,,,
安南區,安吉路二段,全部（路含巷）,110,,,
安南區,安吉路三段,全部（路含巷）,100,,,
安南區,安西路,全部（路含巷）,100,,,
安南區,安西一街,全部（路含巷）,100,,,
安南區,安西二街,全部（路含巷）,100,,,
安南區,安和路一段,路全部,110,,,
安南區,安和路一段,巷全部,100,,,
安南區,安和路二段,路全部,110,,,
安南區,安和路二段,巷全部,100,,,
安南區,安和路三段,路全部,110,,,
安南區,安和路三段,巷全部,100,,,
安南區,安和路四段,路全部,110,,,
安南區,安和路四段,巷全部,100,,,
安南區,安和路五段,路全部,110,,,
安南區,安和路五段,巷全部,100,,,
安南區,安和路六段,路全部,110,,,
安南區,安和路六段,巷全部,100,,,
安南區,安昌街,全部（路含巷）,90,,,
安南區,安明路一段,全部（路含巷）,100,,,
安南區,安明路二段,全部（路含巷）,100,,,
安南區,安明路三段,全部（路含巷）,100,,,
安南區,安明路四段,全部（路含巷）,100,,,
安南區,安清路,全部（路含巷）,100,,,
安南區,安通路三段,全部（路含巷）,100,,,
安南區,長溪路四段,全部（路含巷）,100,,,
安南區,育安街,全部（路含巷）,100,,,
安南區,育安一~四街,全部（路含巷）,100,,,
安南區,怡安路一段,全部（路含巷）,100,,,
安南區,怡安路二段,全部（路含巷）,100,,,
安南區,政安路,全部（路含巷）,100,,,
安南區,城北路,全部（路含巷）,100,,,
安南區,城安路,全部（路含巷）,100,,,
安南區,城安一~三街,全部（路含巷）,100,,,
安南區,城安東街,全部（路含巷）,100,,,
安南區,城安西街,全部（路含巷）,100,,,
安南區,城西街一段,全部（路含巷）,100,,,
安南區,城西街二段,全部（路含巷）,90,,,
安南區,城西街三段,全部（路含巷）,90,,,
安南區,城南路,全部（路含巷）,100,,,
安南區,科技一~五路,全部（路含巷）,100,,,
安南區,科技大道,全部（路含巷）,100,,,
安南區,科輝路,全部（路含巷）,100,,,
安南區,海中街,全部（路含巷）,90,,,
安南區,海佃路一段,路全部,120,,,
安南區,海佃路一段,巷全部,100,,,
安南區,海佃路二段,全部（路含巷）,110,,,
安南區,海佃路三段,全部（路含巷）,110,,,
安南區,海佃路四段,路全部,110,,,
安南區,海佃路四段,巷全部,100,,,
安南區,海東街,全部（路含巷）,110,,,
安南區,海東一街,全部（路含巷）,110,,,
安南區,海東二街,全部（路含巷）,110,,,
安南區,海東三街,全部（路含巷）,110,,,
安南區,智安一~四街,全部（路含巷）,100,,,
安南區,智安五~八街,全部（路含巷）,100,,,
安南區,景安街,全部（路含巷）,100,,,
安南區,尊安街,全部（路含巷）,100,,,
安南區,尊安一街,全部（路含巷）,100,,,
安南區,鹿耳一、二路,全部（路含巷）,100,,,
安南區,鹿耳門大道一段,全部（路含巷）,90,,,
安南區,鹿耳門大道二段,全部（路含巷）,90,,,
安南區,博和路,全部（路含巷）,100,,,
安南區,博館路,全部（路含巷）,100,,,
安南區,順安路,全部（路含巷）,100,,,
安南區,義安街,全部（路含巷）,100,,,
安南區,聖安街,全部（路含巷）,100,,,
安南區,媽祖宮路,全部（路含巷）,90,,,
安南區,媽祖宮一街,全部（路含巷）,90,,,
安南區,媽祖宮二街,全部（路含巷）,90,,,
安南區,媽祖宮三街,全部（路含巷）,90,,,
安南區,媽祖宮五街,全部（路含巷）,90,,,
安南區,慈安路,全部（路含巷）,110,,,
安南區,樂安一街,全部（路含巷）,100,,,
安南區,樂安二街,全部（路含巷）,100,,,
安南區,樂安三街,全部（路含巷）,100,,,
安南區,賢安街,全部（路含巷）,100,,,
安南區,德安街,全部（路含巷）,100,,,
安南區,慶安路,全部（路含巷）,100,,,
安南區,慶和路一段,全部（路含巷）,100,,,
安南區,慶和路二段,全部（路含巷）,100,,,
安南區,慶和東路,全部（路含巷）,100,,,
安南區,本田路一段,全部（路含巷）,100,,,
安南區,本田路二段,全部（路含巷）,100,,,
安南區,本田路三段,全部（路含巷）,90,,,
安南區,本原街一段,全部（路含巷）,90,,,
安南區,本原街二段,全部（路含巷）,90,,,
安南區,本原街三段,全部（路含巷）,100,,,
安南區,本淵路,路全部,105,,,
安南區,本淵路,巷全部,100,,,
安南區,本淵一街,全部（路含巷）,100,,,
安南區,北安路二段,全部（路含巷）,120,,,
安南區,北安路三段,全部（路含巷）,100,,,
安南區,北安路四段,全部（路含巷）,100,,,
安南區,北安一街,全部（路含巷）,110,,,
安南區,北安二街,全部（路含巷）,110,,,
安南區,北安三街,全部（路含巷）,110,,,
安南區,北汕尾一路,全部（路含巷）,90,,,
安南區,北汕尾二路,全部（路含巷），媽祖宮一街交叉口至247巷口除外,90,,,
安南區,北汕尾二路,媽祖宮一街交叉口至247巷口,80,,,
安南區,北汕尾三路,全部（路含巷）,90,,,
安南區,永安路,全部（路含巷）,100,,,
安南區,永安一~五街,全部（路含巷）,100,,,
安南區,功安一~八街,全部（路含巷）,100,,,
安南區,四草大道,全部（路含巷）,90,,,
安南區,台江大道三段,全部（路含巷）,100,,,
安南區,台江大道四段,全部（路含巷）,100,,,
安南區,台江大道五段,全部（路含巷）,100,,,
安南區,同安路,路全部,105,,,
安南區,同安路,巷全部,100,,,
安南區,安中路一段,全部（698、699、700、701、702、703巷除外）,110,,,
安南區,安中路一段,698、699、700、701、702、703巷,90,,,
安南區,安通路四段,全部（路含巷）,100,,,
安南區,安通路五段,全部（路含巷）,100,,,
安南區,安通路六段,全部（路含巷）,100,,,
安南區,安通一街,全部（路含巷）,100,,,
安南區,安通二街,全部（路含巷）,100,,,
安南區,安通三街,全部（路含巷）,100,,,
安南區,安富街,全部（路含巷）,100,,,
安南區,安義路,全部（路含巷）,100,,,
安南區,安寧街,全部（路含巷）,100,,,
安南區,安興街,全部（路含巷）,90,,,
安南區,安豐一~六街,全部（路含巷）,100,,,
安南區,青砂街一段,全部（路含巷）,90,,,
安南區,青砂街二段,全部（路含巷）,90,,,
安南區,府安路二段,全部（路含巷）,100,,,
安南區,府安路三段,全部（路含巷）,100,,,
安南區,府安路四段,全部（路含巷）,100,,,
安南區,府安路五段,全部（路含巷）,100,,,
安南區,府安路六段,全部（路含巷）,100,,,
安南區,府安路七段,全部（路含巷）,100,,,
安南區,長和一街,全部（路含巷）,100,,,
安南區,長和路一段,全部（路含巷），823巷口、環館北路至慶和路間之路除外,100,,,
安南區,長和路一段,823巷口、環館北路至慶和路（不含巷）,110,,,
安南區,長和路二段,路全部,110,,,
安南區,長和路二段,巷全部,100,,,
安南區,長和路三段,路全部,110,,,
安南區,長和路三段,巷全部,100,,,
安南區,長和路四段,全部（路含巷）,100,,,
安南區,長溪路一段,路全部,110,,,
安南區,長溪路一段,巷全部,100,,,
安南區,長溪路二段,全部（路含巷）,100,,,
安南區,長溪路三段,全部（路含巷）,100,,,
安南區,海東五街,全部（路含巷）,110,,,
安南區,海東六街,全部（路含巷）,110,,,
安南區,海東七街,全部（路含巷）,110,,,
安南區,海東八街,全部（路含巷）,110,,,
安南區,海東九街,全部（路含巷）,110,,,
安南區,海東十街,全部（路含巷）,110,,,
安南區,海東十一街,全部（路含巷）,110,,,
安南區,海東十二街,全部（路含巷）,110,,,
安南區,海前路,全部（路含巷）,110,,,
安南區,海德一路,全部（路含巷）,110,,,
安南區,海德二路,全部（路含巷）,110,,,
安南區,海環街,全部（路含巷）,90,,,
安南區,郡安路三段,全部（路含巷）,100,,,
安南區,郡安路四段,全部（路含巷）,100,,,
安南區,郡安路五段,全部（路含巷）,100,,,
安南區,郡安路六段,全部（路含巷）,100,,,
安南區,泰安街,全部（路含巷）,100,,,
安南區,敦安街,全部（路含巷）,100,,,
安南區,培安路,全部（路含巷）,100,,,
安南區,培安一~四街,全部（路含巷）,100,,,
安南區,修安街,全部（路含巷）,100,,,
安南區,國安街,街全部,110,,,
安南區,國安街,巷全部,100,,,
安南區,頂安街,全部（路含巷）,100,,,
安南區,理安街,全部（路含巷）,100,,,
安南區,惠安街,全部（路含巷）,100,,,
安南區,敬安街,全部（路含巷）,100,,,
安南區,開安一~六街,全部（路含巷）,100,,,
安南區,開安路,全部（路含巷）,100,,,
安南區,興安路,全部（路含巷）,100,,,
安南區,館安路,全部（路含巷）,105,,,
安南區,館安一路,全部（路含巷）,105,,,
安南區,館安二路,全部（路含巷）,105,,,
安南區,館安三路,全部（路含巷）,105,,,
安南區,館前街,全部（路含巷）,105,,,
安南區,館前一路,全部（路含巷）,105,,,
安南區,館前二路,全部（路含巷）,105,,,
安南區,館前南路,全部（路含巷）,105,,,
安南區,環福街,全部（路含巷）,100,,,
安南區,環館路,路全部,110,,,
安南區,環館路,巷全部,100,,,
安南區,環館一路,全部（路含巷）,105,,,
安南區,環館二路,全部（路含巷）,105,,,
安南區,環館三路,全部（路含巷）,105,,,
安南區,環館五路,全部（路含巷）,105,,,
安南區,環館北路,全部（路含巷）,105,,,
安南區,總安街一段,全部（路含巷）,90,,,
安南區,總安街二段,全部（路含巷）,90,,,
安南區,顯宮一街,全部（路含巷）,90,,,
安南區,顯宮二街,全部（路含巷）,90,,,
安南區,顯草路,全部（路含巷）,100,,,
安南區,顯草街一段,全部（路含巷）,90,,,
安南區,顯草街二段,全部（路含巷）,90,,,
安南區,顯草街三段,全部（路含巷）,90,,,
安南區,鹽田路,全部（路含巷）,100,,,
安南區,鹽田一~六街,全部（路含巷）,100,,,
安南區,鹽安路,全部（路含巷）,100,,,
安南區,鹽安一街,全部（路含巷）,100,,,
新營區,八德路,全部(路含巷),100,,,
新營區,三民路,全部路,130,,,
新營區,三民路,全部巷,120,,,
新營區,三興街,全部(路含巷),120,,,
新營區,土庫,全部(路含巷),100,,,
新營區,大仁街,全部(路含巷),120,,,
新營區,大公街,全部(路含巷),120,,,
新營區,大同路,火車站圓環--嘉南大圳溝(全部路),130,,,
新營區,大同路,綠川路與大同路交叉--向北兩側至興國中學校門(全部路),125,,,
新營區,大同路,全部巷,120,,,
新營區,大勇街,全部(路含巷),120,,,
新營區,大智街,全部(路含巷),120,,,
新營區,大德街,全部(路含巷),120,,,
新營區,工業街,全部(路含巷),120,,,
新營區,中山路,信義街與光明街交叉口至延平路與民權路口(全部路),145,,,
新營區,中山路,其餘路,140,,,
新營區,中山路,全部巷,120,,,
新營區,中正路,大宏里、民權里：圓環--民治路交叉口(全部路),130,,,
新營區,中正路,民治路--電力公司南邊水溝(全部路),125,,,
新營區,中正路,電力公司--長榮路1段交叉口(全部路),120,,,
新營區,中正路,忠政里、王公里、大宏里:全部巷,120,,,
新營區,中正路,埤寮里、護鎮里：全部(路含巷),100,,,
新營區,中原街,全部(路含巷),120,,,
新營區,中華路,全部路,130,,,
新營區,中華路,全部巷,120,,,
新營區,中興路,興業里，永生里：全部路,130,,,
新營區,中興路,興業里，永生里：全部巷,120,,,
新營區,中興路,興安里：全部(路含巷),120,,,
新營區,五間厝,全部(路含巷),100,,,
新營區,五福路,全部(路含巷),100,,,
新營區,仁愛街,全部(路含巷),120,,,
新營區,仁壽街,全部(路含巷),130,,,
新營區,公正街,全部(路含巷),120,,,
新營區,公園路,全部(路含巷),120,,,
新營區,公誠街,全部(路含巷),120,,,
新營區,太子宮,全部(路含巷),100,,,
新營區,太子路,民榮里：全部路,120,,,
新營區,太子路,民榮里：全部巷,110,,,
新營區,太子路,南紙里：全部(路含巷),100,,,
新營區,文化街,全部(路含巷),130,,,
新營區,文昌街,全部(路含巷),120,,,
新營區,卯舍,全部(路含巷),100,,,
新營區,四維路,全部(路含巷),100,,,
新營區,正義街,復興路--中華路口,130,,,
新營區,正義街,中華路口--三民路口,120,,,
新營區,民生路,新北里：全部(路含巷),120,,,
新營區,民生路,民生里:全部路,125,,,
新營區,民生路,民生里：全部巷   ,120,,,
新營區,民有街,全部(路含巷),120,,,
新營區,民治東路,全部(路含巷),120,,,
新營區,民治路,全部路,125,,,
新營區,民治路,全部巷,120,,,
新營區,民族路,全部(路含巷),120,,,
新營區,民權路,復興路--中華路交叉點 ：全部路 ,145,,,
新營區,民權路,中華路交叉點--嘉南水圳溝：全部路,130,,,
新營區,民權路,"嘉南水圳溝--民治路口(民權路96-18至96-35號,96-40至96-71號除外)",125,,,
新營區,民權路,"嘉南水圳溝--民治路口(民權路96-18至96-35號,96-40至96-71號)",120,,,
新營區,民權路,全部巷,120,,,
新營區,永安街,全部(路含巷),130,,,
新營區,光明街,全部(路含巷),130,,,
新營區,同濟街,全部(路含巷),120,,,
新營區,安和街,全部(路含巷),120,,,
新營區,成功街,延平路--忠義街,145,,,
新營區,成功街,忠義街--復興路,120,,,
新營區,成功街,57巷1號 ~ 17號,120,,,
新營區,秀才,全部(路含巷),100,,,
新營區,育德一街,全部(路含巷),120,,,
新營區,育德三街,全部(路含巷),120,,,
新營區,育德五街,全部(路含巷),120,,,
新營區,育德七街,全部(路含巷),120,,,
新營區,育德九街,全部(路含巷),120,,,
新營區,育德十一街,全部(路含巷),120,,,
新營區,育德街,全部(路含巷),120,,,
新營區,角帶圍,全部(路含巷),100,,,
新營區,周武街,全部(路含巷),120,,,
新營區,和平路,全部(路含巷),120,,,
新營區,姑爺,全部(路含巷),100,,,
新營區,府西路,全部(路含巷),120,,,
新營區,延平路,長春街口--新進路,145,,,
新營區,延平路,新進路口--建業路口,140,,,
新營區,延平路,建業路口--急水溪橋,130,,,
新營區,延平路,全部巷,120,,,
新營區,忠孝路,全部(路含巷),100,,,
新營區,忠義街,成功街--復興路,135,,,
新營區,忠義街,成功街-長春街,120,,,
新營區,明清一街,全部(路含巷),120,,,
新營區,明清二街,全部(路含巷),120,,,
新營區,明清三街,全部(路含巷),120,,,
新營區,明清街,全部(路含巷),120,,,
新營區,東大街,全部(路含巷),120,,,
新營區,東山一路,全部(路含巷),120,,,
新營區,東山三路,全部(路含巷),120,,,
新營區,東山中路,全部(路含巷),120,,,
新營區,東山五路,全部(路含巷),120,,,
新營區,東山路,全部(路含巷),120,,,
新營區,東仁街,全部(路含巷),120,,,
新營區,東平街,全部(路含巷),120,,,
新營區,東光街,全部(路含巷),120,,,
新營區,東安街,全部(路含巷),120,,,
新營區,東和街,全部(路含巷),120,,,
新營區,東昇街,全部(路含巷),120,,,
新營區,東昌街,全部(路含巷),120,,,
新營區,東明街,全部(路含巷),120,,,
新營區,東林街,全部(路含巷),120,,,
新營區,東信街,全部(路含巷),120,,,
新營區,東勇街,全部(路含巷),120,,,
新營區,東泰一街,全部(路含巷),120,,,
新營區,東泰二街,全部(路含巷),120,,,
新營區,東泰三街,全部(路含巷),120,,,
新營區,東泰五街,全部(路含巷),120,,,
新營區,東泰七街,全部(路含巷),120,,,
新營區,東泰八街,全部(路含巷),120,,,
新營區,東泰九街,全部(路含巷),120,,,
新營區,東泰路,全部(路含巷),120,,,
新營區,東智街,全部(路含巷),120,,,
新營區,東隆街,全部(路含巷),120,,,
新營區,東愛街,全部(路含巷),120,,,
新營區,東義街,全部(路含巷),120,,,
新營區,東學路,全部(路含巷),120,,,
新營區,東興二街,全部(路含巷),120,,,
新營區,東興三街,全部(路含巷),120,,,
新營區,東興四街,全部(路含巷),120,,,
新營區,東興五街,全部(路含巷),120,,,
新營區,東興六街,全部(路含巷),120,,,
新營區,東興七街,全部(路含巷),120,,,
新營區,東興八街,全部(路含巷),120,,,
新營區,東興九街,全部(路含巷),120,,,
新營區,東興十街,全部(路含巷),120,,,
新營區,東興路,全部(路含巷),120,,,
新營區,武昌街,全部(路含巷),120,,,
新營區,武侯街,全部(路含巷),120,,,
新營區,金華路,全部(路含巷),120,,,
新營區,長春街,延平路--成功街--武侯街,145,,,
新營區,長春街,武侯街交叉口--和平路口,130,,,
新營區,長春街,全部巷,120,,,
新營區,長榮路1段,埤寮里：全部(路含巷),100,,,
新營區,長榮路1段,王公里、新東里：全部(路含巷),120,,,
新營區,長榮路2段,"忠政里、三仙里、
新北里、新南里：全部(路含巷)",120,,,
新營區,長榮路2段,埤寮里：全部(路含巷),100,,,
新營區,信義街,中山路交叉口--中華路口,130,,,
新營區,信義街,中華路口--民治路口,125,,,
新營區,信義街,全部巷,120,,,
新營區,南昌街,延平路交叉口--興農街口(全部路),125,,,
新營區,南昌街,興農街交叉口--裕民路口(全部路),120,,,
新營區,南昌街,全部巷,120,,,
新營區,南紙街,全部(路含巷),100,,,
新營區,南新街,全部(路含巷),120,,,
新營區,建國路,全部(路含巷),100,,,
新營區,建業路,南紙里：全部(路含巷),100,,,
新營區,建業路,南興里：全部(路含巷),120,,,
新營區,後鎮,全部(路含巷),100,,,
新營區,挖仔,全部(路含巷),100,,,
新營區,茄苳腳,全部(路含巷),100,,,
新營區,秦漢街,全部(路含巷),120,,,
新營區,紙廠,全部(路含巷),100,,,
新營區,健康路,全部路,125,,,
新營區,健康路,全部巷,120,,,
新營區,埤寮,全部(路含巷),100,,,
新營區,康樂街,全部(路含巷),130,,,
新營區,許丑,全部(路含巷),100,,,
新營區,博愛街,圓環--正義街口  ,130,,,
新營區,博愛街,正義街口--三民路口,120,,,
新營區,博愛街,全部巷,120,,,
新營區,富強街,全部(路含巷),120,,,
新營區,富源街,康樂街交叉點向東--仁壽街口(路含巷),135,,,
新營區,富源街,仁壽街交叉點向東--中興路交叉點(路含巷),125,,,
新營區,復興路,民權路--忠義街、正義街口(含29巷),145,,,
新營區,復興路,忠義街、正義街交叉口--公園路口,130,,,
新營區,復興路,民生里：公園路口--民治路口,125,,,
新營區,復興路,新南里、民榮里：民治路至太子路交叉口,125,,,
新營區,復興路,新南里、民榮里：太子路至長榮路交叉口,120,,,
新營區,復興路,民生里、新南里、民榮里：全部巷,120,,,
新營區,復興路,嘉芳里、南紙里：全部(路含巷),100,,,
新營區,進修街,全部(路含巷),120,,,
新營區,開元路,火車站-長榮陸橋交叉口(路含巷),120,,,
新營區,開元路,長榮陸橋往嘉義(路含巷),100,,,
新營區,隋唐街,全部(路含巷),120,,,
新營區,新工路,全部(路含巷),100,,,
新營區,新中路,全部(路含巷),100,,,
新營區,新太路,全部(路含巷),100,,,
新營區,新北一街,全部(路含巷),120,,,
新營區,新北二街,全部(路含巷),120,,,
新營區,新北三街,全部(路含巷),120,,,
新營區,新北四街,全部(路含巷),120,,,
新營區,新北五街,全部(路含巷),120,,,
新營區,新北六街,全部(路含巷),120,,,
新營區,新北七街,全部(路含巷),120,,,
新營區,新北八街,全部(路含巷),120,,,
新營區,新北街,全部(路含巷),120,,,
新營區,新圳路,全部(路含巷),100,,,
新營區,新東街,全部(路含巷),120,,,
新營區,新芳街,全部(路含巷),100,,,
新營區,新進路,全部路,130,,,
新營區,新進路,全部巷,120,,,
新營區,新進路二段,延平路口--武侯街口,130,,,
新營區,新進路二段,武侯街口--復興路口,125,,,
新營區,新進路二段,全部巷,120,,,
新營區,新業街,全部(路含巷),100,,,
新營區,新嘉街,全部(路含巷),100,,,
新營區,新榮一街,全部(路含巷),120,,,
新營區,新榮三街,全部(路含巷),120,,,
新營區,新榮四街,全部(路含巷),120,,,
新營區,新榮五街,全部(路含巷),120,,,
新營區,義和街,全部(路含巷),120,,,
新營區,裕民路,全部(路含巷),120,,,
新營區,嘉芳街,全部(路含巷),100,,,
新營區,綠川北街,全部(路含巷),120,,,
新營區,綠川路,全部(路含巷),120,,,
新營區,廠前街,全部(路含巷),120,,,
新營區,樂仁街,全部(路含巷),120,,,
新營區,樂利街,全部(路含巷),120,,,
新營區,興農街,全部(路含巷),120,,,
新營區,濟安街,全部(路含巷),120,,,
新營區,舊?,全部(路含巷),100,,,
新營區,鐵線橋,全部(路含巷),100,,,
鹽水區,八德路,全部(路含巷),100,,,
鹽水區,三福路,中正路轉西--轉東朝琴路兩側,140,,,
鹽水區,三福路,向西兩側至武廟路交叉口,135,,,
鹽水區,三福路,與武廟路交叉口至終點,120,,,
鹽水區,土庫,水秀里:1至73-5號,100,,,
鹽水區,土庫,水秀里：74號至終點,120,,,
鹽水區,中山路,全部(路含巷),120,,,
鹽水區,中正路,單號:1-27號,140,,,
鹽水區,中正路,其餘路,135,,,
鹽水區,中正路,全部巷,120,,,
鹽水區,仁愛路,全部(路含巷),100,,,
鹽水區,文武街,全部(路含巷),120,,,
鹽水區,月津路,全部(路含巷),120,,,
鹽水區,四維路,全部(路含巷),100,,,
鹽水區,五福路,全部(路含巷),100,,,
鹽水區,民生街,全部(路含巷),120,,,
鹽水區,北門路,全部(路含巷),100,,,
鹽水區,行昌路,全部(路含巷),120,,,
鹽水區,西門路,2號、2-2號,135,,,
鹽水區,西門路,其餘路全部,120,,,
鹽水區,自立街,全部(路含巷),100,,,
鹽水區,自強街,全部(路含巷),100,,,
鹽水區,和平路,全部(路含巷),100,,,
鹽水區,忠義路,全部(路含巷),120,,,
鹽水區,武廟路,向北兩側--北門路口:全部路,130,,,
鹽水區,武廟路,北門路交叉口--終點:全部路,120,,,
鹽水區,武廟路,全部巷,100,,,
鹽水區,治水路,全部(路含巷),120,,,
鹽水區,南太路,全部(路含巷),100,,,
鹽水區,忠孝路,全部(路含巷),100,,,
鹽水區,金和路,中境里：1、3、5號,120,,,
鹽水區,金和路,岸內里、義稠里：全部,100,,,
鹽水區,南門路,全部路,120,,,
鹽水區,南門路,全部巷,100,,,
鹽水區,後厝,全部(路含巷),120,,,
鹽水區,康樂路,全部(路含巷),120,,,
鹽水區,清?路,水秀里、福得里、三生里：全部(路含巷),120,,,
鹽水區,清?路,岸內里：全部(路含巷),100,,,
鹽水區,朝琴路,中正路交叉口向東及向西--三福路口兩側,140,,,
鹽水區,朝琴路,三福路交叉口至135號,135,,,
鹽水區,朝琴路,岸內里：143-257號(單號),100,,,
鹽水區,朝琴路,水秀里：110-198號(雙號),120,,,
鹽水區,朝琴路,其餘路及巷全部,120,,,
鹽水區,新中路,全部(路含巷),100,,,
鹽水區,新太路,全部路,120,,,
鹽水區,新太路,全部巷,100,,,
鹽水區,過港,全部(路含巷),120,,,
鹽水區,橋南街,全部(路含巷),120,,,
鹽水區,蔦松路,全部(路含巷),100,,,
鹽水區,二?、下中、下林、下寮、大莊、大豐、中州寮、天保厝、田寮、竹子?、竹圍、羊稠厝、?頭港、尾寮、汫水港、岸內、松子?、後寮、洪厝寮、倒茄苳、孫厝寮、桐寮、頂寮、麻油寮、番子寮、飯店、新岸內、溪州寮、義稠、蜈蜞坑、蔦松?、樹子?、舊營、歡雅,二?、下中、下林、下寮、大莊、大豐、中州寮、天保厝、田寮、竹子?、竹圍、羊稠厝、?頭港、尾寮、汫水港、岸內、松子?、後寮、洪厝寮、倒茄苳、孫厝寮、桐寮、頂寮、麻油寮、番子寮、飯店、新岸內、溪州寮、義稠、蜈蜞坑、蔦松?、樹子?、舊營、歡雅,100,,,
白河區,一心街路,全部(路含巷),120,,,
白河區,七賢街路,全部(路含巷),120,,,
白河區,九龍街路,全部(路含巷),120,,,
白河區,二聖街路,全部(路含巷),120,,,
白河區,八德街,全部(路含巷),120,,,
白河區,十全西街,全部(路含巷),120,,,
白河區,十全東街,全部(路含巷),120,,,
白河區,十全街,全部(路含巷),120,,,
白河區,三民路,秀佑里：全部(路含巷),100,,,
白河區,三民路,外角里：全部(路含巷)，除三民西巷、三民東巷外,120,,,
白河區,三民路,外角里：三民西巷、三民東巷；永安里：497巷、507巷,110,,,
白河區,三民路,永安里：全部路含巷，除497巷、507巷外,120,,,
白河區,三角潭路,全部(路含巷),100,,,
白河區,三間厝路,全部(路含巷),100,,,
白河區,三義街,全部(路含巷),120,,,
白河區,下秀祐路,全部(路含巷),100,,,
白河區,大排竹路,全部(路含巷),100,,,
白河區,大德街,全部(路含巷),100,,,
白河區,山子?路,全部(路含巷),100,,,
白河區,中山路,康樂街與中山路交叉口--往東山方向,120,,,
白河區,中山路,康樂街與中山路交叉口—中正路與中山路交叉口,140,,,
白河區,中山路,中正路與中山路交叉口--三民路與中山路交叉口,120,,,
白河區,中山路,三民路與中山路交叉口—新興路與中山路交叉口,130,,,
白河區,中山路,新興路與中山路交叉口—庄內里,120,,,
白河區,中山路,永安里:全部巷,120,,,
白河區,中正路,新起街與中正路交叉口—新富街與中正路交叉口,125,,,
白河區,中正路,新富街與中正路交叉口--新生路與中正路交叉口,140,,,
白河區,中正路,新生路與中正路交叉口—國泰路與中正路交叉口,130,,,
白河區,中正路,國泰路與中正路交叉口—秀祐里,120,,,
白河區,中正路,永安里:全部巷,120,,,
白河區,中正路,秀祐里：全部(路含巷),100,,,
白河區,中興街,全部(路含巷),120,,,
白河區,五汴頭路,全部(路含巷),100,,,
白河區,五福街路,全部(路含巷),120,,,
白河區,仁愛街,全部(路含巷),120,,,
白河區,仁德街,全部(路含巷),120,,,
白河區,內角路,全部(路含巷),100,,,
白河區,內枋林路,全部(路含巷),100,,,
白河區,內崎內路,全部(路含巷),100,,,
白河區,六合街路,全部(路含巷),120,,,
白河區,六重溪路,全部(路含巷),100,,,
白河區,文化街,全部(路含巷),120,,,
白河區,木屐寮路,全部(路含巷),100,,,
白河區,水火洞路,全部(路含巷),100,,,
白河區,水湖路,全部(路含巷),100,,,
白河區,火山路,全部(路含巷),100,,,
白河區,仙草路,全部(路含巷),100,,,
白河區,北埔路,全部(路含巷),100,,,
白河區,四維街,全部(路含巷),120,,,
白河區,外角路,全部(路含巷),120,,,
白河區,外崎內路,全部(路含巷),100,,,
白河區,平等街,全部(路含巷),120,,,
白河區,民安路,全部(路含巷),120,,,
白河區,民亨街,全部(路含巷),100,,,
白河區,民智街,全部(路含巷),120,,,
白河區,瓦?子,全部(路含巷),120,,,
白河區,甘宅路,全部(路含巷),100,,,
白河區,白水溪路,全部(路含巷),100,,,
白河區,光明街,全部(路含巷),120,,,
白河區,光華路,全部(路含巷),120,,,
白河區,安和街,全部(路含巷),120,,,
白河區,竹子門路,全部(路含巷),100,,,
白河區,竹圍子路,全部(路含巷),100,,,
白河區,自立街,全部(路含巷),120,,,
白河區,西安街,全部(路含巷),120,,,
白河區,?內路,全部(路含巷),120,,,
白河區,芎蕉宅路,全部(路含巷),100,,,
白河區,岩前路,全部(路含巷),100,,,
白河區,忠孝街,全部(路含巷),120,,,
白河區,昇平街,全部(路含巷),120,,,
白河區,明德街,全部(路含巷),120,,,
白河區,杭內路,全部(路含巷),100,,,
白河區,枋子林路,全部(路含巷),100,,,
白河區,枕頭山路,全部(路含巷),100,,,
白河區,林子內路,全部(路含巷),100,,,
白河區,長安路,全部(路含巷),120,,,
白河區,長春街,全部(路含巷),120,,,
白河區,長榮街,全部(路含巷),120,,,
白河區,南昌街,全部(路含巷),120,,,
白河區,南寮路,全部(路含巷),100,,,
白河區,客?內路,全部(路含巷),120,,,
白河區,建國街,全部(路含巷),120,,,
白河區,洪溪洲路,全部(路含巷),100,,,
白河區,崁子頭路,全部(路含巷),100,,,
白河區,海豊厝路,全部(路含巷),100,,,
白河區,草店路,全部(路含巷),100,,,
白河區,國光路,全部(路含巷),120,,,
白河區,國泰路,全部(路含巷),120,,,
白河區,埤子頭路,全部(路含巷),100,,,
白河區,埤斗子路,全部(路含巷),100,,,
白河區,崎子頭路,全部(路含巷),100,,,
白河區,康樂路,富民路暨康樂路9巷、30巷--康樂路與新起街交叉口,120,,,
白河區,康樂路,新起街口--中山路口,130,,,
白河區,粗溪路,全部(路含巷),100,,,
白河區,頂山?路,全部(路含巷),100,,,
白河區,頂秀祐路,全部(路含巷),100,,,
白河區,頂崁頭路,全部(路含巷),100,,,
白河區,富民路,全部(路含巷),120,,,
白河區,復興街,全部(路含巷),120,,,
白河區,番子園路,全部(路含巷),100,,,
白河區,詔安厝路,全部(路含巷),100,,,
白河區,開明街,全部(路含巷),120,,,
白河區,愛國街,全部(路含巷),120,,,
白河區,新生路,全部(路含巷),120,,,
白河區,新吉北街,全部(路含巷),120,,,
白河區,新厝路,全部(路含巷),120,,,
白河區,新起街,全部(路含巷),120,,,
白河區,新富街,全部(路含巷),120,,,
白河區,新興路,全部(路含巷),120,,,
白河區,裕民街,全部(路含巷),120,,,
白河區,裕農路,全部(路含巷),120,,,
白河區,蓮潭路,全部(路含巷),100,,,
白河區,頭前溪路,全部(路含巷),100,,,
白河區,檨子坑路,全部(路含巷),100,,,
白河區,檨子林路,全部(路含巷),100,,,
白河區,糞箕湖路,全部(路含巷),100,,,
白河區,舉人街,全部(路含巷),100,,,
白河區,檳榔?路,全部(路含巷),100,,,
白河區,關子嶺,全部(路含巷),100,,,
柳營區,十美街,全部(路含巷),110,,,
柳營區,士林街,全部(路含巷),110,,,
柳營區,士賢街,全部(路含巷),110,,,
柳營區,工一路,全部(路含巷),100,,,
柳營區,工七路,全部(路含巷),100,,,
柳營區,工二路,全部(路含巷),100,,,
柳營區,工三路,全部(路含巷),100,,,
柳營區,工五路,全部(路含巷),100,,,
柳營區,中山西路1段,東昇里：全部(路含巷),110,,,
柳營區,中山西路2段,兩側向西--福德一街與建興街交叉口(全部路),110,,,
柳營區,中山西路2段,福德一街與建興街交叉口兩側--終點(全部路),115,,,
柳營區,中山西路2段,光福、中埕、東昇里：全部巷,110,,,
柳營區,中山西路3段,兩側向西--仁愛路交叉口(路含巷),110,,,
柳營區,中山西路3段,仁愛路交叉口--終點(路含巷),100,,,
柳營區,中山東路2段,柳營國中兩側--終點(全部路),110,,,
柳營區,中山東路2段,其餘路及全部巷,100,,,
柳營區,中興南街,全部(路含巷),110,,,
柳營區,中興街,全部(路含巷),110,,,
柳營區,仁愛路,全部(路含巷),100,,,
柳營區,光福七街,全部(路含巷),110,,,
柳營區,光福五街,全部(路含巷),110,,,
柳營區,成功街,全部(路含巷),110,,,
柳營區,育英街,全部(路含巷),110,,,
柳營區,和平路,全部(路含巷),100,,,
柳營區,忠得街,全部(路含巷),110,,,
柳營區,東昇一街,全部(路含巷),110,,,
柳營區,東昇二街,全部(路含巷),110,,,
柳營區,東昇八街,全部(路含巷),110,,,
柳營區,東南七街,全部(路含巷),110,,,
柳營區,東南五街,全部(路含巷),110,,,
柳營區,建安街,全部(路含巷),110,,,
柳營區,建利街,全部(路含巷),110,,,
柳營區,建國路,全部(路含巷),110,,,
柳營區,建業路,全部(路含巷),110,,,
柳營區,建興街,全部(路含巷),110,,,
柳營區,柳營,全部(路含巷),110,,,
柳營區,柳營路1、2段,士林、光福里：全部巷,110,,,
柳營區,柳營路1段,兩側向北--建安街、柳營國小交叉口(全部路),110,,,
柳營區,柳營路1段,建安街、柳營國小交叉口兩側向北--終點(全部路),115,,,
柳營區,柳營路2段,兩側向北--十美街交叉口(全部路),115,,,
柳營區,柳營路2段,十美街交叉口--終點(全部路),110,,,
柳營區,柳營路3段,全部(路含巷),110,,,
柳營區,界和路,全部(路含巷),110,,,
柳營區,酒精,全部(路含巷),110,,,
柳營區,康樂街,全部(路含巷),110,,,
柳營區,博愛街,全部(路含巷),110,,,
柳營區,進學一街,全部(路含巷),110,,,
柳營區,進學二街,全部(路含巷),110,,,
柳營區,進學三街,全部(路含巷),110,,,
柳營區,義士路1段,全部(路含巷),100,,,
柳營區,義士路2段,全部(路含巷),100,,,
柳營區,義士路3段,全部(路含巷),100,,,
柳營區,義士路5段,全部(路含巷),100,,,
柳營區,腳腿仔大道,全部(路含巷),100,,,
柳營區,福中街,全部(路含巷),110,,,
柳營區,福安一街,全部(路含巷),110,,,
柳營區,福安二街,全部(路含巷),110,,,
柳營區,福德一街,全部(路含巷),110,,,
柳營區,福德二街,全部(路含巷),110,,,
柳營區,福德三街,全部(路含巷),110,,,
柳營區,德元埤大道,全部(路含巷),100,,,
柳營區,橋南,全部(路含巷),110,,,
柳營區,環園西路1段,全部(路含巷),100,,,
柳營區,環園西路2段,全部(路含巷),100,,,
柳營區,環園東路1段,全部(路含巷),100,,,
柳營區,環園東路2段,全部(路含巷),100,,,
柳營區,雙和路,全部(路含巷),110,,,
柳營區,八老爺、大腳腿、小腳腿、山子腳、山豬陷、太康、果毅後、南湖、五軍營、尖山、匏子園、桶頭腳、麻埔、新吉庄、新厝、路東、農場,八老爺、大腳腿、小腳腿、山子腳、山豬陷、太康、果毅後、南湖、五軍營、尖山、匏子園、桶頭腳、麻埔、新吉庄、新厝、路東、農場,100,,,
後壁區,後壁,火車站--向東兩側--後壁郵局、後壁公所,115,,,
後壁區,後壁,農會舊址--向南兩側--後壁47-3號,115,,,
後壁區,後壁,其餘路及巷,110,,,
後壁區,菁寮,農會--向北兩側--菁寮里菁寮68號,115,,,
後壁區,菁寮,菁寮里菁寮50號--向東兩側-- 墨林里菁寮263-2號,115,,,
後壁區,菁寮,其餘路及巷,110,,,
後壁區,上茄苳、下長、下茄苳、下寮、土溝、中寮、本協、白沙屯、竹圍後、長短樹、前菁寮、後?、後壁寮、崁頂、烏樹林、崩埤、頂寮、魚寮、新庴、新港東、藥店口,上茄苳、下長、下茄苳、下寮、土溝、中寮、本協、白沙屯、竹圍後、長短樹、前菁寮、後?、後壁寮、崁頂、烏樹林、崩埤、頂寮、魚寮、新庴、新港東、藥店口,100,,,
東山區,中興南路,東中里1-6鄰(全部路含巷),110,,,
東山區,中興路,"全部（路含巷）,68巷除外",125,,,
東山區,中興路,68巷,110,,,
東山區,仁愛街,全部（路含巷）,110,,,
東山區,公園路,全部（路含巷）,100,,,
東山區,北馬,全部（路含巷）,100,,,
東山區,民生街,全部（路含巷）,110,,,
東山區,民有街,全部（路含巷）,110,,,
東山區,民享街,全部（路含巷）,110,,,
東山區,民治街,全部（路含巷）,110,,,
東山區,民富街,全部（路含巷）,100,,,
東山區,永平街,全部（路含巷）,100,,,
東山區,永安街,全部（路含巷）,100,,,
東山區,永和街,全部（路含巷）,100,,,
東山區,永福街,全部（路含巷）,110,,,
東山區,成功街,全部（路含巷）,110,,,
東山區,育仁街,全部（路含巷）,100,,,
東山區,育英街,全部（路含巷）,100,,,
東山區,育群街,全部（路含巷）,100,,,
東山區,和平街,全部（路含巷）,100,,,
東山區,忠孝街,全部（路含巷）,110,,,
東山區,東山里、東正里,全部（路含巷）,110,,,
東山區,東仁街,全部（路含巷）,100,,,
東山區,長安街,全部（路含巷）,100,,,
東山區,青葉路1段,青葉路起點至達雲路交叉口,100,,,
東山區,青葉路2段,達雲路交叉口至終點,110,,,
東山區,信義街,全部（路含巷）,110,,,
東山區,英明街,全部（路含巷）,100,,,
東山區,勝利街,全部（路含巷）,110,,,
東山區,惠明街,全部（路含巷）,100,,,
東山區,新東路,東中里1-6鄰(全部路含巷),110,,,
東山區,達雲路1段,中興路交叉口至青葉路交叉口,120,,,
東山區,達雲路2段,青葉路交叉口至公園路交叉口,110,,,
東山區,福安街,全部（路含巷）,100,,,
東山區,鳳安一街,全部（路含巷）,100,,,
東山區,鳳安二街,全部（路含巷）,100,,,
東山區,龍山一街,全部（路含巷）,110,,,
東山區,龍鳳一街,全部（路含巷）,110,,,
東山區,三榮里、大客里、科里里、東河里、聖賢里、南溪里、水雲里、林安里、東原里、嶺南里、南勢里、青山里、高原里、東中里,三榮里、大客里、科里里、東河里、聖賢里、南溪里、水雲里、林安里、東原里、嶺南里、南勢里、青山里、高原里、東中里,100,,,
下營區,九分街,全部（路含巷）,110,,,
下營區,人和一街,全部（路含巷）,110,,,
下營區,人和二街,全部（路含巷）,110,,,
下營區,人和三街,全部（路含巷）,110,,,
下營區,三民街,全部（路含巷）,110,,,
下營區,大仁街,全部（路含巷）,110,,,
下營區,大同街,全部（路含巷）,110,,,
下營區,大孝街,全部（路含巷）,110,,,
下營區,大和街,全部（路含巷）,110,,,
下營區,大忠街,全部（路含巷）,110,,,
下營區,大愛街,全部（路含巷）,110,,,
下營區,工業街,全部（路含巷）,110,,,
下營區,中山路1段,"上帝廟向東兩側至中山路1段186號,1段149號(全部路)",120,,,
下營區,中山路1段,"除上帝廟向東兩側至中山路1段186號,1段149號之外,其餘路及全部巷",110,,,
下營區,中山路2段,全部(路含巷)；除29巷、35巷、41巷之外,110,,,
下營區,中山路2段,29巷、35巷、41巷全部(原市場周圍),130,,,
下營區,中正北路,全部（路含巷）,110,,,
下營區,中正南路,全部（路含巷）,110,,,
下營區,中華街,全部（路含巷）,110,,,
下營區,中興北路,全部（路含巷）,110,,,
下營區,中興南路,全部（路含巷）,110,,,
下營區,仁中街,全部（路含巷）,110,,,
下營區,仁民街,全部（路含巷）,110,,,
下營區,仁里街,全部（路含巷）,110,,,
下營區,仁信街,全部（路含巷）,110,,,
下營區,仁南街,全部（路含巷）,110,,,
下營區,仁美街,全部（路含巷）,110,,,
下營區,仁愛街,全部（路含巷）,110,,,
下營區,仁義街,全部（路含巷）,110,,,
下營區,仁興街,全部（路含巷）,110,,,
下營區,公園路,全部（路含巷）,110,,,
下營區,友愛街,全部（路含巷）,110,,,
下營區,文化街,全部（路含巷）,110,,,
下營區,文昌街,全部（路含巷）,110,,,
下營區,文明街,全部（路含巷）,110,,,
下營區,水池街,全部（路含巷）,110,,,
下營區,民生街,全部（路含巷）,110,,,
下營區,民族一街,全部（路含巷）,110,,,
下營區,民族二街,全部（路含巷）,110,,,
下營區,民權一街,全部（路含巷）,110,,,
下營區,民權二街,全部（路含巷）,110,,,
下營區,永安街,全部（路含巷）,110,,,
下營區,玄德街,全部（路含巷）,110,,,
下營區,宅內街,全部（路含巷）,110,,,
下營區,自由街,全部（路含巷）,110,,,
下營區,和平街,全部（路含巷）,110,,,
下營區,忠孝街,全部（路含巷）,110,,,
下營區,東興一街,全部（路含巷）,110,,,
下營區,東興二街,全部（路含巷）,110,,,
下營區,東興三街,全部（路含巷）,110,,,
下營區,信義二街,全部（路含巷）,110,,,
下營區,健康路,全部（路含巷）,110,,,
下營區,蚵寮街,全部（路含巷）,110,,,
下營區,勝利街,全部（路含巷）,110,,,
下營區,博愛街,全部（路含巷）,110,,,
下營區,復興街,全部（路含巷）,110,,,
下營區,慈惠街,全部（路含巷）,110,,,
下營區,新北街,全部（路含巷）,110,,,
下營區,新進東街,全部（路含巷）,110,,,
下營區,新興街,全部（路含巷）,110,,,
下營區,裕農街,全部（路含巷）,110,,,
下營區,寮前一街,全部（路含巷）,110,,,
下營區,寮前二街,全部（路含巷）,110,,,
下營區,營前街,全部（路含巷）,110,,,
下營區,十六甲、下橋頭、大埤寮、中?子、中營、火燒珠、西寮、洲子、紅毛厝、茅港尾、連表、麻豆寮、大屯寮,十六甲、下橋頭、大埤寮、中?子、中營、火燒珠、西寮、洲子、紅毛厝、茅港尾、連表、麻豆寮、大屯寮,100,,,
六甲區,七甲街,全部(路含巷),100,,,
六甲區,工研路,全部(路含巷),115,,,
六甲區,中山路,六甲里：全部(路含巷),115,,,
六甲區,中山路,水林里、二甲里：全部(路含巷),100,,,
六甲區,中正路,龍湖里、七甲里、水林里：全部(路含巷),100,,,
六甲區,中正路,中華路交叉口--珊瑚路口(全部路),125,,,
六甲區,中正路,六甲里、甲南里、甲東里其餘(路含巷),115,,,
六甲區,中華路,六甲里、甲南里：全部(路含巷),115,,,
六甲區,中華路,二甲里、七甲里、龍湖里：全部(路含巷),100,,,
六甲區,中興街,全部(路含巷),115,,,
六甲區,仁愛街,全部(路含巷),115,,,
六甲區,文化街,全部(路含巷),115,,,
六甲區,四維街,全部(路含巷),115,,,
六甲區,民生街,全部(路含巷),125,,,
六甲區,民族街,全部(路含巷),100,,,
六甲區,民權街,六甲里：全部(路含巷),115,,,
六甲區,民權街,二甲里：全部(路含巷),100,,,
六甲區,永安街,全部(路含巷),115,,,
六甲區,光明街,全部(路含巷),100,,,
六甲區,光復街,全部(路含巷),100,,,
六甲區,成功街,六甲里：全部(路含巷),115,,,
六甲區,成功街,龍湖里：全部(路含巷),100,,,
六甲區,自由街,全部(路含巷),100,,,
六甲區,和平街,全部(路含巷),100,,,
六甲區,忠孝街,全部(路含巷),115,,,
六甲區,林森街,全部(路含巷),100,,,
六甲區,信義街,六甲里：全部(路含巷),115,,,
六甲區,信義街,二甲里、水林里：全部(路含巷),100,,,
六甲區,建工街,全部(路含巷),100,,,
六甲區,建國街,農會向東兩側至民生街交叉口,120,,,
六甲區,建國街,其餘(路含巷),115,,,
六甲區,珊瑚路,甲東里、甲南里：全部(路含巷),115,,,
六甲區,珊瑚路,龍湖里：全部(路含巷),100,,,
六甲區,復興街,仁愛街--建國街交叉口(全部路),120,,,
六甲區,復興街,其餘(路含巷),115,,,
六甲區,曾文街,全部(路含巷),115,,,
六甲區,進化街,全部(路含巷),100,,,
六甲區,裕農街,全部(路含巷),115,,,
六甲區,興東街,全部(路含巷),115,,,
六甲區,中社、林鳳營、農場、港子頭、龜子港、菁埔、菁埔寮、九重橋、王爺宮、水流東、西港湖、東高蚋、番子坑、大丘園、中坑、北勢坑、南勢坑、匏子寮、猴洞?、嶺頂,中社、林鳳營、農場、港子頭、龜子港、菁埔、菁埔寮、九重橋、王爺宮、水流東、西港湖、東高蚋、番子坑、大丘園、中坑、北勢坑、南勢坑、匏子寮、猴洞?、嶺頂,100,,,
官田區,力行街,全部(路含巷),100,,,
官田區,三民路,全部(路含巷),110,,,
官田區,大同街,全部(路含巷),110,,,
官田區,工社中街,全部(路含巷),100,,,
官田區,工社北街,全部(路含巷),100,,,
官田區,工社西街,全部(路含巷),100,,,
官田區,工社南街,全部(路含巷),100,,,
官田區,工業北路,全部(路含巷),100,,,
官田區,工業西路,全部(路含巷),100,,,
官田區,工業南路,全部(路含巷),100,,,
官田區,工業路,全部(路含巷),100,,,
官田區,中山路1段,火車站向西兩側--官田區公所,115,,,
官田區,中山路1段,其餘路及巷,110,,,
官田區,中山路2段,全部(路含巷),110,,,
官田區,中華路1段,全部(路含巷),110,,,
官田區,中華路2段,全部(路含巷),110,,,
官田區,中興路,全部(路含巷),110,,,
官田區,仁愛街,全部(路含巷),110,,,
官田區,文化街,全部路,115,,,
官田區,文化街,全部巷,110,,,
官田區,成功街,全部(路含巷),100,,,
官田區,自強街,全部(路含巷),110,,,
官田區,和平街,全部(路含巷),110,,,
官田區,忠孝街,全部(路含巷),110,,,
官田區,忠義街,全部(路含巷),110,,,
官田區,信義街一段,全部(路含巷),110,,,
官田區,信義街二段,全部(路含巷),110,,,
官田區,建業路,全部(路含巷),100,,,
官田區,勝利路,全部(路含巷),110,,,
官田區,富強路,全部(路含巷),100,,,
官田區,復興街,全部(路含巷),110,,,
官田區,隆田,全部(路含巷),110,,,
官田區,隆西街,全部(路含巷),110,,,
官田區,新生街,全部(路含巷),110,,,
官田區,裕民街,全部(路含巷),110,,,
官田區,裕農路,全部(路含巷),110,,,
官田區,實踐街,全部(路含巷),100,,,
官田區,興隆街,全部(路含巷),110,,,
官田區,鎮中路,全部(路含巷),100,,,
官田區,中?、官田、烏山頭、二鎮、程泰、角秀、瓦嗂、西?、東?、拔子林、三塊厝、渡子頭、六?、社子、舊社、大井、大崎、莿子埔、嘉南、三結義、南?,中?、官田、烏山頭、二鎮、程泰、角秀、瓦嗂、西?、東?、拔子林、三塊厝、渡子頭、六?、社子、舊社、大井、大崎、莿子埔、嘉南、三結義、南?,100,,,
大內區,內庄,全部(大內里),110,,,
大內區,內庄,全部(除大內里外),100,,,
大內區,石子瀨、新厝、蒙正、後堀、二重溪、其子瓦、頭社、口林、鳴頭、燒灰子、環湖,石子瀨、新厝、蒙正、後堀、二重溪、其子瓦、頭社、口林、鳴頭、燒灰子、環湖,100,,,
善化區,三民路,北關里、西關里：全部(路含巷),120,,,
善化區,三民路,南關里：全部(路含巷),115,,,
善化區,三抱竹,全部(路含巷),110,,,
善化區,三抱竹路,全部(路含巷),115,,,
善化區,大同路,東關里（路含巷）,120,,,
善化區,大同路,文昌里（路含巷）,115,,,
善化區,大成路,全部(路含巷),120,,,
善化區,大利二路,全部(路含巷),115,,,
善化區,大利三路,全部(路含巷),115,,,
善化區,大信路,東關里（路含巷）,120,,,
善化區,大信路,文昌里（路含巷）,115,,,
善化區,大智路,全部(路含巷),120,,,
善化區,中山路,中正路與中華路間(路含巷),130,,,
善化區,中山路,中華路口往西，西關里及北關里（路含巷）,120,,,
善化區,中山路,中華路口往西，文正里（路含巷）,115,,,
善化區,中山路,火車站前--中正路間(全部路),125,,,
善化區,中山路,火車站前--中正路間(全部巷),120,,,
善化區,中正路,與興華路及大同路交叉路口往南（全部路）,115,,,
善化區,中正路,與興華路及大同路交叉路口往南（全部巷）,110,,,
善化區,中正路,"北至中山路，南至與興華路及大同路交叉路口，
坐駕里（路含巷）",130,,,
善化區,中正路,"北至中山路，南至與興華路及大同路交叉路口，
東關里、文昌里（路含巷）",125,,,
善化區,中正路,中山路口以北,120,,,
善化區,中和街,東關里（路含巷）,120,,,
善化區,中和街,文昌里（路含巷）,115,,,
善化區,中華路,西關里、北關里、東關里（路含巷）,120,,,
善化區,中華路,文昌里、南關里（路含巷）,115,,,
善化區,中興路,全部(路含巷),120,,,
善化區,仁愛路,全部(路含巷),120,,,
善化區,公園路,全部(路含巷),120,,,
善化區,文化路,全部(路含巷),120,,,
善化區,文正路,全部(路含巷),115,,,
善化區,文昌路,全部(路含巷)，除107巷與光復路交叉口往南,115,,,
善化區,文昌路,107巷與光復路交叉口往南(路含巷),110,,,
善化區,文賢街,東關里（路含巷）,120,,,
善化區,文賢街,文昌里（路含巷）,115,,,
善化區,月眉園路,全部(路含巷),100,,,
善化區,木柵港西路,全部（路含巷）,115,,,
善化區,木柵港東路,全部（路含巷）,115,,,
善化區,北園一路,全部（路含巷）,115,,,
善化區,四維路,全部(路含巷),120,,,
善化區,平等路,全部（路含巷）,115,,,
善化區,民生路,全部(路含巷),120,,,
善化區,民族路,全部(路含巷),120,,,
善化區,民權路,全部（路含巷）,120,,,
善化區,永安路,全部（路含巷）,115,,,
善化區,永福路,全部（路含巷）,115,,,
善化區,光文路,全部(路含巷),120,,,
善化區,光明路,全部（路含巷）,120,,,
善化區,光復一街,全部（路含巷）,115,,,
善化區,光復二街,全部（路含巷）,115,,,
善化區,光復路,西關里（全部路）,120,,,
善化區,光復路,西關里（全部巷）,115,,,
善化區,光復路,文正里、南關里、文昌里（全部路含巷）,115,,,
善化區,光華路,全部(路含巷),120,,,
善化區,光輝街,全部(路含巷),120,,,
善化區,成功新村,全部(路含巷),100,,,
善化區,成功路,坐駕里、光文里：全部（路含巷）,120,,,
善化區,成功路,小新里：全部（路含巷）,100,,,
善化區,自由路,東關里（全部路）,120,,,
善化區,自由路,東關里（全部巷）,115,,,
善化區,自由路,文昌里、南關里（全部路含巷）,115,,,
善化區,自立路,全部（路含巷）,120,,,
善化區,自強路,全部（路含巷）,120,,,
善化區,和平路,全部（路含巷）,120,,,
善化區,忠孝路,全部(路含巷),120,,,
善化區,青年路,全部（路含巷）,120,,,
善化區,保安街,全部（路含巷）,120,,,
善化區,信義路,全部（路含巷）,120,,,
善化區,南科七路,全部（路含巷）,115,,,
善化區,南科九路,全部（路含巷）,115,,,
善化區,南科八路,全部（路含巷）,115,,,
善化區,南科北路,南關里、西關里：全部（路含巷）,115,,,
善化區,南科北路,胡厝里：全部（路含巷）,100,,,
善化區,建國路,坐駕里、光文里：全部（路含巷）,120,,,
善化區,建國路,文昌里（路含巷）,115,,,
善化區,建業路,全部(路含巷),120,,,
善化區,健康街,全部(路含巷),120,,,
善化區,博愛路,全部(路含巷),120,,,
善化區,善新西路,全部(路含巷),100,,,
善化區,復興街,全部(路含巷),115,,,
善化區,華中街,全部(路含巷),120,,,
善化區,進學路,東關里、北關里：全部(路含巷),120,,,
善化區,進學路,文正里：全部(路含巷),115,,,
善化區,陽光二路,全部(路含巷),100,,,
善化區,陽光三路,全部(路含巷),100,,,
善化區,陽光大道,全部(路含巷),100,,,
善化區,陽光北一路,全部(路含巷),100,,,
善化區,陽明新村,全部(路含巷),120,,,
善化區,陽明路,全部(路含巷),110,,,
善化區,新興街,東關里（路含巷）,120,,,
善化區,新興街,文昌里（路含巷）,115,,,
善化區,裕民街,全部(路含巷),120,,,
善化區,裕德路,全部(路含巷),120,,,
善化區,蓮潭北一街,全部(路含巷),100,,,
善化區,蓮潭北二街,全部(路含巷),100,,,
善化區,蓮潭北三街,全部(路含巷),100,,,
善化區,蓮潭南街,全部(路含巷),100,,,
善化區,蓮潭路,全部(路含巷),100,,,
善化區,樹人路,全部(路含巷),120,,,
善化區,樹谷大道,全部(路含巷),115,,,
善化區,興華路,坐駕里（路含巷）,120,,,
善化區,興華路,文昌里（路含巷）,115,,,
善化區,興農路,東與中山路交接，西與南科北路交叉口(路),120,,,
善化區,興農路,東與中山路交接，西與南科北路交叉口(巷),115,,,
善化區,興農路,與南科北路交叉口往西(路含巷),100,,,
善化區,龍目井路,全部(路含巷),100,,,
善化區,環西路,全部(路含巷),115,,,
善化區,環東路,全部(路含巷),115,,,
善化區,北子店、益民寮、坐駕,北子店、益民寮、坐駕,110,,,
善化區,什乃、百二甲、六分寮、西衛、東勢宅、東勢寮、胡厝寮、溪尾、溪底寮、牛庄、茄拔、苗圃、小新營、士宏新村,什乃、百二甲、六分寮、西衛、東勢宅、東勢寮、胡厝寮、溪尾、溪底寮、牛庄、茄拔、苗圃、小新營、士宏新村,100,,,
新化區,中山路,圓環~往永康區,120,,,
新化區,中山路,圓環~教會,130,,,
新化區,中山路,教會~南光藥廠,100,,,
新化區,中正路,北勢段,100,,,
新化區,中正路,新化地政~南區國稅局,100,,,
新化區,中正路,南區國稅局~太子廟,120,,,
新化區,中正路,太子廟~街役場,120,,,
新化區,中正路,街役場~老街,125,,,
新化區,忠孝路,全部,115,,,
新化區,民治路,全部,110,,,
新化區,正新路,全部,115,,,
新化區,健康路,全部,120,,,
新化區,正新北路,全部,115,,,
新化區,正新南路,全部,120,,,
新化區,大新路,全部,115,,,
新化區,大智路,全部,100,,,
新化區,大德路,1~23號,115,,,
新化區,大德路,23號~終點,100,,,
新化區,中興路,全部,120,,,
新化區,公園路,全部,120,,,
新化區,民生路,全部,120,,,
新化區,民族路,全部,115,,,
新化區,永新路,全部,100,,,
新化區,信義路,249號~303號,135,,,
新化區,信義路,417、423、443、470、484巷,100,,,
新化區,信義路,除上述巷弄,120,,,
新化區,復興路,1巷~155號往知母義方向,100,,,
新化區,復興路,203巷,110,,,
新化區,復興路,167~315號包括之間的巷弄,120,,,
新化區,竹林路,全部,115,,,
新化區,大同街,93~149號不包括之間的巷弄,125,,,
新化區,大同街,其他路段,120,,,
新化區,太平街,全部,115,,,
新化區,仁愛街,10號~81號包括巷,120,,,
新化區,仁愛街,其他路段,115,,,
新化區,民生街,9號、99號,120,,,
新化區,民生街,其他路段,115,,,
新化區,民族街,單號,120,,,
新化區,民族街,雙號,115,,,
新化區,忠孝街,所長茶葉蛋~小南便當,120,,,
新化區,忠孝街,其他路段,115,,,
新化區,和平街,全部,120,,,
新化區,建國街,~38號,120,,,
新化區,建國街,38號~,115,,,
新化區,護安街,60號~興南客運,125,,,
新化區,護安街,其他路段,120,,,
新化區,金華街,全部,100,,,
新化區,洋子,近中山路,100,,,
新化區,光明路,全部,120,,,
新化區,九層嶺、三十六崙、口埤、大坑尾、五甲勢、竹子?、知母義、洋子寮、茄冬坑、崙子頂、唪口、頂山?,九層嶺、三十六崙、口埤、大坑尾、五甲勢、竹子?、知母義、洋子寮、茄冬坑、崙子頂、唪口、頂山?,100,,,
新市區,三民街,全部,100,,,
新市區,大同街,全部,100,,,
新市區,大利一路,全部,110,,,
新市區,大順一路,全部,110,,,
新市區,大順三路,全部,110,,,
新市區,大順五路,全部,110,,,
新市區,大順六路,全部,110,,,
新市區,大順七路,全部,110,,,
新市區,大順九路,全部,110,,,
新市區,大業一路,全部,110,,,
新市區,王甲路,全部,110,,,
新市區,中心東路,全部,110,,,
新市區,中心路,全部,110,,,
新市區,中山路,路全部,120,,,
新市區,中山路,巷全部,100,,,
新市區,中正路,全部,115,,,
新市區,中正路,工業巷,110,,,
新市區,中華路,1-20號,120,,,
新市區,中華路,上述以外,100,,,
新市區,中興街,新市里,115,,,
新市區,中興街,1至100號,130,,,
新市區,中興街,101至162號,125,,,
新市區,仁愛街,7至13號,120,,,
新市區,仁愛街,245至320號,125,,,
新市區,仁愛街,321至370號,130,,,
新市區,仁愛街,新市里、新和里,115,,,
新市區,可口街,全部,115,,,
新市區,民生路,全部,115,,,
新市區,民族路,全部,100,,,
新市區,民權路,全部,115,,,
新市區,永華二街,全部,100,,,
新市區,永華三街,全部,100,,,
新市區,永華五街,全部,100,,,
新市區,永新路,全部,100,,,
新市區,永漢路,全部,100,,,
新市區,永福街,全部,115,,,
新市區,光明街,全部,115,,,
新市區,光華街,3號至81號、8號至154巷,100,,,
新市區,光華街,（平交道路口）,,,,
新市區,光華街,87號至242號（平交道路口至戶政事務所）,115,,,
新市區,光華街,巷全部,115,,,
新市區,成功街,全部,115,,,
新市區,自由路,全部,100,,,
新市區,自強街,全部,115,,,
新市區,西拉雅大道,全部,110,,,
新市區,西寧街,全部,115,,,
新市區,和平街,全部,115,,,
新市區,奇業路,全部,110,,,
新市區,延平街,2至10號,120,,,
新市區,延平街,上述以外,115,,,
新市區,忠孝街,全部,115,,,
新市區,昆明街,全部,115,,,
新市區,社皮,全部,115,,,
新市區,長安街,全部,100,,,
新市區,信義街,全部,115,,,
新市區,南昌街,全部,100,,,
新市區,南科一路,全部,110,,,
新市區,南科七路,全部,110,,,
新市區,南科二路,全部,110,,,
新市區,南科三路,全部,110,,,
新市區,南科五路,全部,110,,,
新市區,南科六路,全部,110,,,
新市區,南港街,全部,100,,,
新市區,看西路,全部,110,,,
新市區,風鈴路,全部,110,,,
新市區,國際路,全部,100,,,
新市區,曼陀林路,全部,110,,,
新市區,創業路,全部,110,,,
新市區,勝利街,全部,115,,,
新市區,堤塘港路,全部,110,,,
新市區,堤塘路,全部,110,,,
新市區,富強路,全部,115,,,
新市區,復興路,全部,115,,,
新市區,紫楝路,全部,110,,,
新市區,華美街,全部,100,,,
新市區,華興街,全部,115,,,
新市區,新和,全部,115,,,
新市區,道爺路,全部,110,,,
新市區,銘傳街,全部,115,,,
新市區,蓮潭南一巷,全部,100,,,
新市區,興業路,全部,100,,,
新市區,環西路,全部,110,,,
新市區,環東路,全部,110,,,
新市區,三舍、大社、大洲、大營、永就、店頂、社內、崙頂、潭頂、豐華、豐榮,三舍、大社、大洲、大營、永就、店頂、社內、崙頂、潭頂、豐華、豐榮,100,,,
山上區,南洲里,南洲里,110,,,
山上區,明和里、新莊里、玉峰里、豐德里、平陽里、山上里,明和里、新莊里、玉峰里、豐德里、平陽里、山上里,100,,,
山上區,山上,山上里(40-258號),115,,,
山上區,南洲,南洲里(8-338號),115,,,
玉井區,大仁街,全部,110,,,
玉井區,大成路,玉田里,110,,,
玉井區,大成路,全部,100,,,
玉井區,大勇街,全部,110,,,
玉井區,大埕街,全部,100,,,
玉井區,大智街,全部,110,,,
玉井區,大道街,全部,110,,,
玉井區,小康街,全部,110,,,
玉井區,工業街,全部,100,,,
玉井區,中山路,路全部,130,,,
玉井區,中山路,巷全部,110,,,
玉井區,中正路,27、42號至159、186號(向北轉東並由北極殿轉北兩側包括市場周圍),130,,,
玉井區,中正路,161、188號至345、316號(向北兩側),115,,,
玉井區,中正路,玉井里、玉田里,110,,,
玉井區,中正路,全部(除上述路段外),100,,,
玉井區,中華路,起點至91、60號(向南兩側),130,,,
玉井區,中華路,路全部,115,,,
玉井區,中華路,巷全部,110,,,
玉井區,仁愛街,玉田里,110,,,
玉井區,仁愛街,全部(除玉田里外),100,,,
玉井區,太子街,全部,110,,,
玉井區,民主街,全部,110,,,
玉井區,民生路,全部,110,,,
玉井區,民族路,全部,110,,,
玉井區,民權路,全部,110,,,
玉井區,玉安街,玉田里,110,,,
玉井區,玉安街,全部(除玉田里外),100,,,
玉井區,和平街,全部,110,,,
玉井區,店仔街,全部,100,,,
玉井區,忠孝街,玉田里,110,,,
玉井區,忠孝街,全部(除玉田里外),100,,,
玉井區,武成街,全部,100,,,
玉井區,信義街,全部,110,,,
玉井區,前園街,全部,100,,,
玉井區,後旦街,全部,100,,,
玉井區,神農街,全部,110,,,
玉井區,健康街,全部,100,,,
玉井區,富強街,全部,110,,,
玉井區,進學街,全部,100,,,
玉井區,新興街,全部,110,,,
玉井區,福德街,全部,100,,,
玉井區,?吧哖西路,全部,110,,,
玉井區,?吧哖東路,全部,100,,,
玉井區,憲政街,全部,110,,,
玉井區,樹糖街,全部,110,,,
玉井區,中正、竹圍、沙田、三埔、三和、公館、望明、劉陳、層林、豐里,中正、竹圍、沙田、三埔、三和、公館、望明、劉陳、層林、豐里,100,,,
楠西區,民族路,全部（路含巷）,110,,,
楠西區,民權路,全部（路含巷）,110,,,
楠西區,民生路,全部（路含巷）,110,,,
楠西區,信義路,全部（路含巷）,110,,,
楠西區,中正路,全部（路含巷）,110,,,
楠西區,中興路,全部（路含巷）,110,,,
楠西區,中興南路,全部（路含巷）,110,,,
楠西區,忠孝路,全部（路含巷）,110,,,
楠西區,東勢路,全部（路含巷）,110,,,
楠西區,博愛路,全部（路含巷）,110,,,
楠西區,茄菝路,全部（路含巷）,110,,,
楠西區,四維路,全部（路含巷）,110,,,
楠西區,水庫路,全部（路含巷）,110,,,
楠西區,中華路,全部（路含巷）,110,,,
楠西區,和平路,全部（路含巷）,110,,,
楠西區,仁愛路,全部（路含巷）,110,,,
楠西區,香蕉山、鳳興、灣丘、興北、興南、油車、鹿陶洋、龜丹,香蕉山、鳳興、灣丘、興北、興南、油車、鹿陶洋、龜丹,100,,,
楠西區,密枝,密枝,90,,,
南化區,南化里、中坑里、北平里、東和里、西埔里、北寮里,南化里、中坑里、北平里、東和里、西埔里、北寮里,100,,,
南化區,小崙里、玉山里,小崙里、玉山里,90,,,
南化區,關山里,關山里,80,,,
左鎮區,中正里,中正里,110,,,
左鎮區,光和里、榮和里、左鎮里、睦光里、內庄里、岡林里、草山里、二寮里、澄山里,光和里、榮和里、左鎮里、睦光里、內庄里、岡林里、草山里、二寮里、澄山里,100,,,
仁德區,二仁路,二仁路一段起向北兩側至成功里,110,,,
仁德區,二仁路,除上加成部分，餘巷弄全部,100,,,
仁德區,二行一路,全部(路含巷),100,,,
仁德區,二空路,路巷弄全部(仁愛里),105,,,
仁德區,二層行,全部(路含巷),100,,,
仁德區,三甲子,全部(路含巷),100,,,
仁德區,上崙一街,路巷弄全部,100,,,
仁德區,上崙街,路巷弄全部,100,,,
仁德區,土庫路,路巷弄全部,115,,,
仁德區,土庫一街,路巷弄全部,115,,,
仁德區,土庫二街,路巷弄全部,115,,,
仁德區,土庫三街,路巷弄全部,115,,,
仁德區,土庫五街,路巷弄全部,115,,,
仁德區,土庫六街,路巷弄全部,115,,,
仁德區,大吉路,路巷弄全部,115,,,
仁德區,大同路三段,大同路三段向南?貫公路兩側(仁愛里),120,,,
仁德區,大同路三段,餘巷弄全部(仁愛里),105,,,
仁德區,大利路,路巷弄全部,115,,,
仁德區,大發路,路巷弄全部,115,,,
仁德區,大順路,路巷弄全部,115,,,
仁德區,大甲,路巷弄全部,100,,,
仁德區,中山路,中山路505號及對面488號向西兩側至623號及對面590號,135,,,
仁德區,中山路,"中山路631號及對面602號向西兩側至
仁德靜修寺院(中山路934號)及對面957號(原縣市交界)",135,,,
仁德區,中山路,除上加成部分，餘路巷全部,120,,,
仁德區,中正西路,全部(路含巷),100,,,
仁德區,中正路一段,路巷弄全部,100,,,
仁德區,中正路二段,"5號~368號
路巷弄全部
",100,,,
仁德區,中正路二段,"389號~1014號
路巷弄全部
",110,,,
仁德區,中正路二段,"607號~1191號
路巷弄全部
",120,,,
仁德區,中正路二段,中正路2段1193號向北西側至中山路口,135,,,
仁德區,中正路二段,中正路二段1136號向北東側至中山路口,135,,,
仁德區,中正路三段,中正路3段365號後餘路巷全部(太子里土庫里),115,,,
仁德區,中正路三段,仁義里、一甲里，(路含巷),120,,,
仁德區,中洲,中生里、中洲里全部(路含巷),100,,,
仁德區,中清路,全部(路含巷),120,,,
仁德區,中清一街,全部(路含巷),120,,,
仁德區,中清二街,全部(路含巷),120,,,
仁德區,中清三街,全部(路含巷),120,,,
仁德區,中清四街,全部(路含巷),120,,,
仁德區,中清五街,全部(路含巷),120,,,
仁德區,仁中一街,路巷弄全部,120,,,
仁德區,仁中二街,路巷弄全部,120,,,
仁德區,仁中三街,路巷弄全部,120,,,
仁德區,仁中五街,路巷弄全部,120,,,
仁德區,仁中六街,路巷弄全部,120,,,
仁德區,仁中七街,路巷弄全部,120,,,
仁德區,仁義路,全部(路含巷),120,,,
仁德區,仁義一街,全部(路含巷),120,,,
仁德區,仁義二街,全部(路含巷),120,,,
仁德區,仁義三街,全部(路含巷),120,,,
仁德區,仁義四街,全部(路含巷),120,,,
仁德區,仁義五街,全部(路含巷),120,,,
仁德區,仁義六街,全部(路含巷),120,,,
仁德區,仁德一街,路巷弄全部,120,,,
仁德區,仁德二街,路巷弄全部,120,,,
仁德區,仁德三街,路巷弄全部,120,,,
仁德區,仁德四街,路巷弄全部,120,,,
仁德區,仁德五街,路巷弄全部,120,,,
仁德區,太乙路,土庫里全部,115,,,
仁德區,太乙路,一甲里全部,120,,,
仁德區,太乙一街,全部(路含巷),120,,,
仁德區,太乙二街,全部(路含巷),120,,,
仁德區,太乙三街,全部(路含巷),120,,,
仁德區,太乙四街,全部(路含巷),120,,,
仁德區,太乙五街,全部(路含巷),120,,,
仁德區,太乙六街,全部(路含巷),120,,,
仁德區,太乙七街,全部(路含巷),120,,,
仁德區,太乙八街,路巷弄全部,115,,,
仁德區,太乙九街,路巷弄全部,115,,,
仁德區,太乙十街,路巷弄全部,115,,,
仁德區,太乙十一街,路巷弄全部,115,,,
仁德區,太乙十二街,路巷弄全部,115,,,
仁德區,太子路,路巷弄全部,115,,,
仁德區,太子北路,路巷弄全部,115,,,
仁德區,太子南路,路巷弄全部,115,,,
仁德區,太子一街,路巷弄全部,115,,,
仁德區,太子二街,路巷弄全部,115,,,
仁德區,太子三街,路巷弄全部,115,,,
仁德區,太子四街,路巷弄全部,115,,,
仁德區,太子五街,路巷弄全部,115,,,
仁德區,太新路,全部(路含巷),120,,,
仁德區,太興路,路巷弄全部,115,,,
仁德區,文山路,路巷弄全部,120,,,
仁德區,文心路,路巷弄全部,120,,,
仁德區,文孝路,路巷弄全部,120,,,
仁德區,文宏路,路巷弄全部,120,,,
仁德區,文宏一街,路巷弄全部,120,,,
仁德區,文宏二街,路巷弄全部,120,,,
仁德區,文忠路,路巷弄全部,120,,,
仁德區,文南街,路巷弄全部,120,,,
仁德區,文善街,路巷弄全部,120,,,
仁德區,文華路,文華路2段巷弄全部（田厝里）,100,,,
仁德區,文華路,文華路3段巷弄全部(仁德里),120,,,
仁德區,文華路,文華路二段路含巷(成功里),105,,,
仁德區,文華一街,路巷弄全部,120,,,
仁德區,文德路,路巷弄全部,120,,,
仁德區,文賢路一段,成功里(路含巷),100,,,
仁德區,文賢路一段,保安里(路含巷),100,,,
仁德區,文賢路二段,全部(路含巷),100,,,
仁德區,文賢一街,全部(路含巷),100,,,
仁德區,文賢二街,全部(路含巷),100,,,
仁德區,牛稠子,全部(路含巷),105,,,
仁德區,北保一街,路巷弄全部,110,,,
仁德區,北保二街,路巷弄全部,110,,,
仁德區,北保三街,路巷弄全部,110,,,
仁德區,北保東路,路巷弄全部,110,,,
仁德區,北保路,路巷弄全部,110,,,
仁德區,四維街,路巷弄全部,120,,,
仁德區,正義路,全部(路含巷),120,,,
仁德區,正義一街,全部(路含巷),120,,,
仁德區,正義二街,全部(路含巷),120,,,
仁德區,正義三街,全部(路含巷),120,,,
仁德區,民生路,全部(路含巷),100,,,
仁德區,民安路,民安路1段與北保路交叉口至中正路交叉口,100,,,
仁德區,民安路,民安路2段與德安路交叉口至中正路交叉口,100,,,
仁德區,永德路,全部(路含巷),100,,,
仁德區,田厝,全部(路含巷),100,,,
仁德區,田厝一街,全部(路含巷),100,,,
仁德區,田厝二街,全部(路含巷),100,,,
仁德區,田厝三街,全部(路含巷),100,,,
仁德區,全福路,全部(路含巷),105,,,
仁德區,成功一街,全部(路含巷),105,,,
仁德區,成功二街,全部(路含巷),105,,,
仁德區,成功三街,全部(路含巷),105,,,
仁德區,行大一街,全部(路含巷),100,,,
仁德區,行大二街,全部(路含巷),100,,,
仁德區,行大街,全部(路含巷),100,,,
仁德區,車路墘,全部(路含巷),100,,,
仁德區,亞航街,路巷弄全部(仁愛里),105,,,
仁德區,忠義路,全部(路含巷),120,,,
仁德區,忠義一街,全部(路含巷),120,,,
仁德區,忠義二街,全部(路含巷),120,,,
仁德區,忠義三街,全部(路含巷),120,,,
仁德區,林頂街,全部(路含巷),120,,,
仁德區,虎山路,全部(路含巷),100,,,
仁德區,虎山一街,全部(路含巷),105,,,
仁德區,長興路,路巷弄全部,115,,,
仁德區,長興一街,路巷弄全部,115,,,
仁德區,長興二街,路巷弄全部,115,,,
仁德區,長興三街,路巷弄全部,115,,,
仁德區,長興四街,路巷弄全部,115,,,
仁德區,長興五街,路巷弄全部,115,,,
仁德區,保仁路,路巷弄全部(仁愛里),105,,,
仁德區,保生東路,全部(路含巷),105,,,
仁德區,保生路,全部(路含巷),105,,,
仁德區,保安路一段,全部(路含巷),100,,,
仁德區,保安路二段,全部(路含巷),100,,,
仁德區,保華路,全部(路含巷),105,,,
仁德區,保學路,全部(路含巷),100,,,
仁德區,保學一街,全部(路含巷),100,,,
仁德區,保學二街,全部(路含巷),100,,,
仁德區,崇德路,全部(路含巷)(成功里),105,,,
仁德區,崑崙路,路巷弄全部,100,,,
仁德區,淨修街,路巷弄全部,120,,,
仁德區,勝利路,起點至82號、103號(路含巷),120,,,
仁德區,勝利一街,路巷弄全部,110,,,
仁德區,勝利二街,路巷弄全部,110,,,
仁德區,勝利路,"86號~終點
105號~終點",110,,,
仁德區,復興街,全部(路含巷),120,,,
仁德區,開發一路,全部(路含巷),100,,,
仁德區,開發二路,全部(路含巷),100,,,
仁德區,開發三路,全部(路含巷),100,,,
仁德區,開發四路,全部(路含巷),100,,,
仁德區,開發五路,全部(路含巷),100,,,
仁德區,開發六路,全部(路含巷),100,,,
仁德區,開發七路,全部(路含巷),100,,,
仁德區,新田路,路巷弄全部,110,,,
仁德區,新田一街,路巷弄全部,110,,,
仁德區,新田二街,路巷弄全部,110,,,
仁德區,義林路,1號~136號路巷弄全部(新田里),110,,,
仁德區,義林路,140號、145巷起全部(路含巷),120,,,
仁德區,義林一街,全部(路含巷),120,,,
仁德區,義林二街,全部(路含巷),120,,,
仁德區,義林三街,全部(路含巷),120,,,
仁德區,義林五街,全部(路含巷),120,,,
仁德區,義林六街,全部(路含巷),120,,,
仁德區,義林七街,全部(路含巷),120,,,
仁德區,義林八街,全部(路含巷),120,,,
仁德區,義林九街,全部(路含巷),120,,,
仁德區,義林十街,全部(路含巷),120,,,
仁德區,義林十一街,全部(路含巷),120,,,
仁德區,義林十二街,全部(路含巷),120,,,
仁德區,裕華三街,路巷弄全部,120,,,
仁德區,德安路,路巷弄全部,100,,,
仁德區,德南路,路巷弄全部,100,,,
仁德區,德洋路,路巷弄全部,100,,,
仁德區,德洋一街,路巷弄全部,100,,,
仁德區,德洋二街,路巷弄全部,100,,,
仁德區,德崙路,路巷弄全部,100,,,
仁德區,德善路,路巷弄全部,100,,,
仁德區,德善一街,路巷弄全部,100,,,
仁德區,德善二街,路巷弄全部,100,,,
仁德區,德成路,路巷弄全部,105,,,
仁德區,機場路,路巷弄全部(仁愛里),105,,,
歸仁區,丁厝,含巷弄全部,100,,,
歸仁區,七甲,含巷全部,100,,,
歸仁區,七甲二街,含巷全部,100,,,
歸仁區,七甲三街,含巷全部,100,,,
歸仁區,七甲五街,含巷弄全部,100,,,
歸仁區,二甲,全部,100,,,
歸仁區,八甲,全部,100,,,
歸仁區,土庫,全部,100,,,
歸仁區,大仁一街,全部,115,,,
歸仁區,大仁二街,含巷全部,115,,,
歸仁區,大仁三街,歸仁里,115,,,
歸仁區,大仁三街,八甲里,100,,,
歸仁區,大仁五街,全部,100,,,
歸仁區,大仁六街,含巷全部,100,,,
歸仁區,大仁七街,全部,100,,,
歸仁區,大仁八街,全部,100,,,
歸仁區,大仁九街,全部,100,,,
歸仁區,大仁十街,全部,100,,,
歸仁區,大仁街,歸仁里、許厝里,115,,,
歸仁區,大仁街,八甲里,100,,,
歸仁區,大光街,含巷全部,100,,,
歸仁區,大光一街,含巷全部,100,,,
歸仁區,大光二街,全部,100,,,
歸仁區,大吉一街,含巷全部,115,,,
歸仁區,大吉二街,含巷全部,115,,,
歸仁區,大吉街,後市里、辜厝里,115,,,
歸仁區,大成路,新厝里,115,,,
歸仁區,大成路,全部(除新厝里外),100,,,
歸仁區,大成一街,全部,100,,,
歸仁區,大成二街,全部,115,,,
歸仁區,大成六街,全部,115,,,
歸仁區,大成八街,全部,115,,,
歸仁區,大成十街,全部,115,,,
歸仁區,大武路,含巷弄全部        ,100,,,
歸仁區,大武路二段,含巷弄全部        ,110,,,
歸仁區,大武路三段,含巷弄全部        ,110,,,
歸仁區,大埔路二段,全部,100,,,
歸仁區,大通路,含巷全部,115,,,
歸仁區,大通一街,全部,115,,,
歸仁區,大智街,全部,115,,,
歸仁區,大順街,全部,115,,,
歸仁區,大順一街,全部,115,,,
歸仁區,大順二街,全部,115,,,
歸仁區,大順三街,含巷,115,,,
歸仁區,大順五街,含巷全部,115,,,
歸仁區,大順六街,全部,115,,,
歸仁區,大廟一街,全部,100,,,
歸仁區,大廟二街,全部,100,,,
歸仁區,大廟三街,全部,100,,,
歸仁區,大廟五街,全部,100,,,
歸仁區,大廟六街,全部,100,,,
歸仁區,大德路,南保里,115,,,
歸仁區,大德路,南興里、文化里,105,,,
歸仁區,大德路,上述以外路巷弄,100,,,
歸仁區,大德一街,全部,105,,,
歸仁區,大潭,全部,100,,,
歸仁區,大潭一街,含巷弄全部,100,,,
歸仁區,大潭二街,含巷全部,100,,,
歸仁區,中山一街,含巷全部,100,,,
歸仁區,中山五街,含巷全部,115,,,
歸仁區,中山六街,全部,115,,,
歸仁區,中山七街,含巷全部,115,,,
歸仁區,中山八街,含巷全部,115,,,
歸仁區,中山九街,全部,115,,,
歸仁區,中山十街,全部,105,,,
歸仁區,中山十一街,全部,105,,,
歸仁區,中山十二街,全部,105,,,
歸仁區,中山路1段,中山路一段450號及對面503號向東兩側中山路一段466號及對面523號,120,,,
歸仁區,中山路1段,中山路一段595號及對面518號向西兩側中山路一段637號及對面568號,130,,,
歸仁區,中山路1段,新厝里,130,,,
歸仁區,中山路2段,中山路二段62號及對面91號向西兩側中山路二段148號及對面173號,120,,,
歸仁區,中山路2段,中山路二段1號及對面2號向西兩側中山路二段71號及對面60號,130,,,
歸仁區,中山路2段,全部(除上述路段外),115,,,
歸仁區,中山路3段,南興里,110,,,
歸仁區,中山路3段,含巷弄全部(除南興里外),115,,,
歸仁區,中正一街,全部,115,,,
歸仁區,中正二街,全部,115,,,
歸仁區,中正三街,全部,115,,,
歸仁區,中正五街,全部,115,,,
歸仁區,中正六街,全部,115,,,
歸仁區,中正八街,全部,115,,,
歸仁區,中正十街,含巷,115,,,
歸仁區,中正十二街,全部,115,,,
歸仁區,中正十五街,全部,115,,,
歸仁區,中正十六街,全部,115,,,
歸仁區,中正十八街,含巷全部,115,,,
歸仁區,中正二十街,全部,115,,,
歸仁區,中正北路1段,歸仁里、後市里,115,,,
歸仁區,中正北路1段,八甲里、七甲里,100,,,
歸仁區,中正北路2段,七甲里、媽廟里,100,,,
歸仁區,中正北路3段,媽廟里,100,,,
歸仁區,中正南路1段,武東里,100,,,
歸仁區,中正南路1段,六甲里、新厝里、歸南里、辜厝里,115,,,
歸仁區,中正南路2段,武東里,110,,,
歸仁區,中正南路3段,大潭里、武東里,100,,,
歸仁區,中正路,六甲里、辜厝里,115,,,
歸仁區,中正路,歸仁里,115,,,
歸仁區,仁愛一街,含巷,115,,,
歸仁區,仁愛三街,全部,100,,,
歸仁區,仁愛五街,全部,100,,,
歸仁區,仁愛六街,全部,115,,,
歸仁區,仁愛八街,含巷,115,,,
歸仁區,仁愛十街,全部,100,,,
歸仁區,仁愛十二街,全部,100,,,
歸仁區,仁愛十六街,全部,100,,,
歸仁區,仁愛北街,全部,115,,,
歸仁區,仁愛南街,全部(除看西里外),115,,,
歸仁區,仁愛南街,看西里,100,,,
歸仁區,仁愛街,全部,115,,,
歸仁區,仁愛路,全部,115,,,
歸仁區,公園八街,全部,115,,,
歸仁區,公園十街,全部,115,,,
歸仁區,公園路,全部,115,,,
歸仁區,六甲一街,全部,115,,,
歸仁區,六甲二街,全部,115,,,
歸仁區,六甲三街,含巷全部,115,,,
歸仁區,六甲六街,含巷弄全部,115,,,
歸仁區,六甲八街,全部,115,,,
歸仁區,六甲里,全部,115,,,
歸仁區,六甲路,含巷弄全部,115,,,
歸仁區,文化街,全部,100,,,
歸仁區,文化街1段,含巷弄全部,115,,,
歸仁區,文化街2段,含巷弄全部 (除文化里外),115,,,
歸仁區,文化街2段,文化里,110,,,
歸仁區,文化街3段,全部(除南興里外),115,,,
歸仁區,文化街3段,南興里,105,,,
歸仁區,文化一街,全部,115,,,
歸仁區,文化二街,含巷全部,115,,,
歸仁區,文化三街,全部,110,,,
歸仁區,文化五街,全部,115,,,
歸仁區,文化六街,含巷全部,115,,,
歸仁區,文化七街,全部,115,,,
歸仁區,文化八街,全部,115,,,
歸仁區,文化九街,全部,105,,,
歸仁區,文化十街,含巷弄全部,115,,,
歸仁區,文化十二街,全部,105,,,
歸仁區,文化十六街,全部,105,,,
歸仁區,文化十八街,全部,105,,,
歸仁區,文化二十街,全部,105,,,
歸仁區,文化北一街,全部,110,,,
歸仁區,文化北二街,全部,110,,,
歸仁區,文化北街,全部,110,,,
歸仁區,王厝,全部,100,,,
歸仁區,民生一街,全部,105,,,
歸仁區,民生二街,全部,105,,,
歸仁區,民生六街,全部,105,,,
歸仁區,民生八街,全部,115,,,
歸仁區,民生九街,全部,115,,,
歸仁區,民生十街,全部,115,,,
歸仁區,民生十一街,全部,115,,,
歸仁區,民生十二街,含巷全部,115,,,
歸仁區,民生北街,全部,105,,,
歸仁區,民生南街2段,全部,115,,,
歸仁區,民生南街1段,全部(除南興里外),115,,,
歸仁區,民生南街1段,南興里,105,,,
歸仁區,民生街,全部,115,,,
歸仁區,民族一街,全部,115,,,
歸仁區,民族北街,全部(除文化里外),115,,,
歸仁區,民族北街,文化里,110,,,
歸仁區,民族南街,含巷弄全部,115,,,
歸仁區,民族街,後市里,115,,,
歸仁區,民族街,辜厝里,115,,,
歸仁區,民權一街,全部(除文化里外),115,,,
歸仁區,民權一街,文化里,110,,,
歸仁區,民權二街,含巷全部,115,,,
歸仁區,民權三街,含巷全部,115,,,
歸仁區,民權五街,全部,115,,,
歸仁區,民權六街,含巷全部,115,,,
歸仁區,民權七街,含巷全部,115,,,
歸仁區,民權八街,含巷全部,115,,,
歸仁區,民權九街,全部,115,,,
歸仁區,民權十街,含巷弄全部,115,,,
歸仁區,民權十二街,全部,115,,,
歸仁區,民權十六街,全部,115,,,
歸仁區,民權北路,含巷弄全部,115,,,
歸仁區,民權南路,全部,115,,,
歸仁區,民權路,南保里,115,,,
歸仁區,民權路,辜厝里,115,,,
歸仁區,光明街,含巷弄全部,100,,,
歸仁區,成功一街,含巷全部,100,,,
歸仁區,成功三街,全部,100,,,
歸仁區,成功五街,全部,100,,,
歸仁區,成功六街,含巷弄全部,100,,,
歸仁區,成功七街,全部,100,,,
歸仁區,成功八街,全部,100,,,
歸仁區,成功九街,全部,100,,,
歸仁區,成功十街,全部,100,,,
歸仁區,成功路1段、2段,含巷弄全部,100,,,
歸仁區,西埔一街,全部,100,,,
歸仁區,西埔二街,全部,100,,,
歸仁區,西埔三街,全部,100,,,
歸仁區,沙崙,全部,100,,,
歸仁區,和平一街,全部,115,,,
歸仁區,和平二街,全部,115,,,
歸仁區,和平三街,全部,115,,,
歸仁區,和平五街,全部,115,,,
歸仁區,和平北街,全部,115,,,
歸仁區,和平南街,全部,115,,,
歸仁區,和平街,全部,115,,,
歸仁區,和順路一段,全部,100,,,
歸仁區,和順路二段,全部,100,,,
歸仁區,忠孝北路,歸仁里,115,,,
歸仁區,忠孝北路,許厝里,115,,,
歸仁區,忠孝北路,八甲里,100,,,
歸仁區,忠孝南路,含巷弄全部,100,,,
歸仁區,忠孝路,全部,115,,,
歸仁區,明德新村,全部,100,,,
歸仁區,明德路,含巷全部,100,,,
歸仁區,林子邊,全部,100,,,
歸仁區,武東,全部,100,,,
歸仁區,武東一街,含巷全部,100,,,
歸仁區,武東二街,含巷全部,100,,,
歸仁區,武東三街,含巷弄全部,100,,,
歸仁區,長榮路1段、2段、3段,含巷弄全部,100,,,
歸仁區,保大路一段,全部,100,,,
歸仁區,保大路二段,全部,100,,,
歸仁區,保大路三段,全部,100,,,
歸仁區,保吉路,全部,100,,,
歸仁區,保興一街,全部,105,,,
歸仁區,保興二街,全部,115,,,
歸仁區,保興街,全部(除南興里外),115,,,
歸仁區,保興街,南興里,105,,,
歸仁區,信義北路,歸仁里,115,,,
歸仁區,信義北路,許厝里,115,,,
歸仁區,信義南路,辜厝里,115,,,
歸仁區,信義南路,看西里,100,,,
歸仁區,信義路,全部,115,,,
歸仁區,南丁路,全部,100,,,
歸仁區,南潭,全部,100,,,
歸仁區,南潭一街,含巷全部,100,,,
歸仁區,南潭二街,含巷全部,100,,,
歸仁區,南潭三街,含巷弄全部,100,,,
歸仁區,南興一街,全部,105,,,
歸仁區,南興街,全部,105,,,
歸仁區,後市里,全部,115,,,
歸仁區,看西,全部,100,,,
歸仁區,看東,全部,100,,,
歸仁區,武當路,全部,110,,,
歸仁區,高發一路,全部,110,,,
歸仁區,高發二路,全部,110,,,
歸仁區,高發三路,全部,110,,,
歸仁區,高鐵一路,全部,110,,,
歸仁區,高鐵二路,全部,110,,,
歸仁區,高鐵三路,全部,110,,,
歸仁區,高鐵五路,全部,110,,,
歸仁區,高鐵六路,全部,110,,,
歸仁區,高鐵七路,含巷全部,110,,,
歸仁區,高鐵八路,含巷全部,110,,,
歸仁區,高鐵九路,含巷全部,110,,,
歸仁區,高鐵十路,全部,110,,,
歸仁區,高鐵十二路,全部,110,,,
歸仁區,高鐵大道,全部,110,,,
歸仁區,國光街,全部(除文化里外),115,,,
歸仁區,國光街,文化里,110,,,
歸仁區,崙子頂,全部,100,,,
歸仁區,崙頂一街,含巷全部,100,,,
歸仁區,崙頂二街,含巷全部,100,,,
歸仁區,崙頂三街,全部,100,,,
歸仁區,崙頂五街,全部,100,,,
歸仁區,崙頂街,含巷弄全部,100,,,
歸仁區,凱旋路1段、2段,崙頂里,100,,,
歸仁區,凱旋路2段、3段,六甲里,115,,,
歸仁區,勝利街,含巷全部,115,,,
歸仁區,復興街,全部,115,,,
歸仁區,復興路,全部,115,,,
歸仁區,辜厝里,全部,115,,,
歸仁區,媽祖廟,全部,100,,,
歸仁區,媽廟一街,含巷弄全部,100,,,
歸仁區,媽廟二街,含巷全部,100,,,
歸仁區,新生街,含巷全部,115,,,
歸仁區,歸仁大道,含巷全部,110,,,
歸仁區,歸仁七路,全部,110,,,
歸仁區,歸仁一路,全部,110,,,
歸仁區,歸仁二路,全部,110,,,
歸仁區,歸仁三路,全部,110,,,
歸仁區,歸仁五路,全部,110,,,
歸仁區,歸仁十三路,全部,110,,,
歸仁區,歸仁十八路,全部,110,,,
歸仁區,歸仁十五路,全部,110,,,
歸仁區,歸仁九路,全部,110,,,
歸仁區,歸仁十路,全部,110,,,
歸仁區,歸仁十二路,全部,110,,,
歸仁區,歸仁十一路,全部,110,,,
歸仁區,歸仁八路,全部,110,,,
歸仁區,歸仁十六路,全部,110,,,
歸仁區,歸仁十四路,全部,110,,,
歸仁區,歸仁大道,全部,100,,,
歸仁區,歸仁六路,全部,110,,,
歸仁區,歸仁里,全部,115,,,
關廟區,下湖一街,全部,100,,,
關廟區,下湖二街,全部,100,,,
關廟區,大仁街,香洋里,120,,,
關廟區,大仁街,關廟里,115,,,
關廟區,大仁街,全部,100,,,
關廟區,大富街,香洋里,120,,,
關廟區,大富街,關廟里,115,,,
關廟區,大富街,全部,100,,,
關廟區,大順路,全部,100,,,
關廟區,中大街,全部,100,,,
關廟區,中山路一段,211、428號至中山路二段(向東兩側),125,,,
關廟區,中山路一段,香洋里,120,,,
關廟區,中山路一段,全部,100,,,
關廟區,中山路二段,起點至149、166號(向東兩側),125,,,
關廟區,中山路二段,全部,115,,,
關廟區,中央路,207、230號至269、276號(向西兩側),130,,,
關廟區,中央路,全部,120,,,
關廟區,中正路,923、868號至999、998號(向西兩側),130,,,
關廟區,中正路,1001、1000號至1029、1048號(向西兩側),120,,,
關廟區,中正路,香洋里,120,,,
關廟區,中正路,北勢里、山西里,115,,,
關廟區,中正路,全部,100,,,
關廟區,中崙街,全部,100,,,
關廟區,五平街,全部,100,,,
關廟區,五甲路,全部,100,,,
關廟區,五智街,全部,100,,,
關廟區,五義街,全部,100,,,
關廟區,五福路,全部,100,,,
關廟區,五慧街,全部,100,,,
關廟區,五權街,全部,100,,,
關廟區,仁愛路,香洋里,130,,,
關廟區,仁愛路,全部,115,,,
關廟區,文化街,全部,115,,,
關廟區,文衡路,起點至121、168號(向北兩側),125,,,
關廟區,文衡路,全部,115,,,
關廟區,北仁街,全部,115,,,
關廟區,北安一街,北勢里,115,,,
關廟區,北安一街,全部,100,,,
關廟區,北安二街,全部,115,,,
關廟區,北安三街,全部,115,,,
關廟區,北美街,全部,115,,,
關廟區,北新街,北勢里,115,,,
關廟區,北新街,全部,100,,,
關廟區,北寮街,全部,100,,,
關廟區,四維街,全部,100,,,
關廟區,市場北街,全部,120,,,
關廟區,正義街,全部,115,,,
關廟區,民生街,香洋里,120,,,
關廟區,民生街,全部,115,,,
關廟區,民安街,全部,100,,,
關廟區,民族街,香洋里,120,,,
關廟區,民族街,全部,100,,,
關廟區,民權街,香洋里,120,,,
關廟區,民權街,全部,100,,,
關廟區,田大路,全部,100,,,
關廟區,光復街,全部,100,,,
關廟區,成功路,香洋里,120,,,
關廟區,成功路,山西里、北勢里,115,,,
關廟區,成功路,全部,100,,,
關廟區,巡府路,全部,120,,,
關廟區,和平路,香洋里,120,,,
關廟區,和平路,全部,100,,,
關廟區,官崙街,全部,100,,,
關廟區,忠孝街,起點至111、132號(向北兩側),125,,,
關廟區,忠孝街,香洋里,120,,,
關廟區,忠孝街,關廟里、山西里,115,,,
關廟區,忠孝街,全部,100,,,
關廟區,旺萊路,全部,100,,,
關廟區,明德街,全部,100,,,
關廟區,東仁街,全部,100,,,
關廟區,東安街,香洋里,120,,,
關廟區,東安街,全部,100,,,
關廟區,東昌街,全部,100,,,
關廟區,東榮街,全部,100,,,
關廟區,東德街,全部,100,,,
關廟區,東興一街,全部,100,,,
關廟區,東興二街,全部,100,,,
關廟區,東興路,全部,100,,,
關廟區,松平街,全部,100,,,
關廟區,松安街,全部,100,,,
關廟區,松柏街,全部,100,,,
關廟區,武聖路,全部,115,,,
關廟區,花園一街,香洋里,120,,,
關廟區,花園一街,全部,100,,,
關廟區,花園二街,全部,100,,,
關廟區,花園三街,北勢里,115,,,
關廟區,花園三街,全部,100,,,
關廟區,長文街,全部,100,,,
關廟區,長和街,全部,100,,,
關廟區,長富街,全部,100,,,
關廟區,長裕街,全部,100,,,
關廟區,長榮街,全部,100,,,
關廟區,保東一街,全部,100,,,
關廟區,保東二街,全部,100,,,
關廟區,保東路,全部,100,,,
關廟區,南雄南路,全部,100,,,
關廟區,南雄路一段,1086、1093號至1186、1171號(向北兩側),120,,,
關廟區,南雄路一段,香洋里,120,,,
關廟區,南雄路一段,山西里,115,,,
關廟區,南雄路一段,全部,100,,,
關廟區,南雄路二段,起點至103、126號(向北兩側),135,,,
關廟區,南雄路二段,51巷1、2號至51巷、忠孝街交界(向西兩側含公有零售市場),135,,,
關廟區,南雄路二段,香洋里,120,,,
關廟區,南雄路二段,山西里、北勢里,115,,,
關廟區,南雄路二段,全部,100,,,
關廟區,南寮街,全部,100,,,
關廟區,南橋街,全部,100,,,
關廟區,香洋路,全部,120,,,
關廟區,崇仁街,全部,115,,,
關廟區,崇平路,全部,115,,,
關廟區,崇尚街,全部,115,,,
關廟區,崇明街,全部,115,,,
關廟區,崇善街,全部,115,,,
關廟區,深坑一街,全部,100,,,
關廟區,深坑二街,全部,100,,,
關廟區,深坑三街,全部,100,,,
關廟區,勝利街,全部,100,,,
關廟區,園中街,全部,100,,,
關廟區,園東街,全部,100,,,
關廟區,新光街,全部,100,,,
關廟區,新埔一街,全部,100,,,
關廟區,新埔二街,全部,100,,,
關廟區,新埔三街,全部,100,,,
關廟區,新湖街,全部,100,,,
關廟區,農會路,全部,120,,,
關廟區,慶中街,全部,115,,,
關廟區,興中街,全部,115,,,
關廟區,關仁路,全部,100,,,
關廟區,關新一街,全部,100,,,
關廟區,關新路一段,全部,100,,,
關廟區,關新路二段,全部,100,,,
龍崎區,全部,全部,100,,,
永康區,二王路,全部,115,,,
永康區,八德街,全部,110,,,
永康區,三民街,全部,100,,,
永康區,三村一街,全部,115,,,
永康區,三村二街,街巷全部,115,,,
永康區,大仁街,全部,115,,,
永康區,大民街,全部,115,,,
永康區,大同街,全部,115,,,
永康區,大安街,全部,115,,,
永康區,大武街,全部,120,,,
永康區,大勇路,全部,115,,,
永康區,大橋一街,全部,115,,,
永康區,大橋二街,街巷全部,115,,,
永康區,大橋三街,全部,115,,,
永康區,大橋五街,街巷全部,115,,,
永康區,大灣一街,全部,115,,,
永康區,大灣七街,全部,115,,,
永康區,大灣二街,全部,115,,,
永康區,大灣三街,全部,115,,,
永康區,大灣五街,全部,115,,,
永康區,大灣六街,全部,115,,,
永康區,大灣東路,全部,115,,,
永康區,大灣路,路,125,,,
永康區,大灣路,巷,115,,,
永康區,小北路,全,130,,,
永康區,小東路,路,130,,,
永康區,小東路,巷,115,,,
永康區,中山北路,路(1號至185號),125,,,
永康區,中山北路,上述巷,115,,,
永康區,中山北路,前述以外路巷,100,,,
永康區,中山東路,全部,115,,,
永康區,中山南路,中華電信及臺南大學附中~終點,125,,,
永康區,中山南路,路(除上以外),130,,,
永康區,中山南路,巷弄,115,,,
永康區,中山南路,471巷(正強里),110,,,
永康區,中山路,永康區公所~自強路,115,,,
永康區,中山路,自強路以北、巷全部,110,,,
永康區,中央路,路全部,120,,,
永康區,中央路,巷全部,110,,,
永康區,中正一街,全部,115,,,
永康區,中正七街,全部,115,,,
永康區,中正二街,鹽行里,115,,,
永康區,中正二街,尚頂里,120,,,
永康區,中正三街,全部,115,,,
永康區,中正五街,全部,115,,,
永康區,中正六街,全部,115,,,
永康區,中正北路,蔦松二街以東（路全部）,100,,,
永康區,中正北路,蔦松二街以東(巷全部),100,,,
永康區,中正北路,蔦松二街以西~1號（路全部）,125,,,
永康區,中正北路,蔦松二街以西~1號（巷全部）,115,,,
永康區,中正南路,路,130,,,
永康區,中正南路,巷弄,120,,,
永康區,中正南路,巷弄(鹽行里、鹽洲里),115,,,
永康區,中正路,"2號~146號
(埔園里)路",110,,,
永康區,中正路,"2號~146號
(巷)",110,,,
永康區,中正路,"統一企業~中正南路
路",125,,,
永康區,中正路,"統一企業~中正南路
(299號至1004號)巷",115,,,
永康區,中正路,"178~260,1~209巷(正強里)",110,,,
永康區,中正路,"217~279巷,318~396號(東橋里)",115,,,
永康區,中華一路,全部,115,,,
永康區,中華二路,全部,115,,,
永康區,中華西街,全部,115,,,
永康區,中華路,路(1-785號；2-854號),130,,,
永康區,中華路,"路(860-908號),甲頂里,西橋里",130,,,
永康區,中華路,巷弄,115,,,
永康區,中興街,全部,115,,,
永康區,中灣一街,全部,115,,,
永康區,中灣五街,全部,115,,,
永康區,五福街,全部,115,,,
永康區,仁愛街,雙號(2~136巷),115,,,
永康區,仁愛街,單號(3~123號),115,,,
永康區,公園路,全部,115,,,
永康區,六合路,全部,115,,,
永康區,太子路,全部(建國里),115,,,
永康區,文化路,全部,115,,,
永康區,文賢街,全部,115,,,
永康區,王行路,路全部,100,,,
永康區,北興路,全部,115,,,
永康區,四維街,全部,110,,,
永康區,正北一路,全部,100,,,
永康區,正北七路,全部,100,,,
永康區,正北三路,全部,100,,,
永康區,正北五路,全部,100,,,
永康區,正南一街,全部,120,,,
永康區,正南二街,街巷全部,115,,,
永康區,正南八街,街巷全部,115,,,
永康區,正南三路,鹽行里,115,,,
永康區,正南三路,尚頂里,120,,,
永康區,正南五街,全部,115,,,
永康區,正南六街,街巷全部,115,,,
永康區,正強街,1號至62號(永康里),115,,,
永康區,正強街,39~315巷，90~332巷(正強里),110,,,
永康區,正新街,全,120,,,
永康區,正義街,全,110,,,
永康區,民東路,全部,100,,,
永康區,民族路,路部分（271號及對面188號向西兩側至379號及對面310號；範圍外比照巷）,125,,,
永康區,民族路,巷全部,115,,,
永康區,永二街,"44號-245巷
路含巷",110,,,
永康區,永二街,1號至43巷(永康里),115,,,
永康區,永二街,路含巷(中山高速公路以西：二王里),115,,,
永康區,永大一路,101巷~390號,110,,,
永康區,永大一路,1號至89號(永康里),115,,,
永康區,永大二路,118-133號,110,,,
永康區,永大二路,1號至108巷(永康里),115,,,
永康區,永大三路,全部,115,,,
永康區,永大五路,全部,115,,,
永康區,永大路一段,全部,115,,,
永康區,永大路二段,全部,115,,,
永康區,永大路三段,全部(除埔園里巷弄),115,,,
永康區,永大路三段,埔園里巷弄,110,,,
永康區,永中街,全部,115,,,
永康區,永平街,1號至647號(永康里),115,,,
永康區,永平街,681~797號，168~300號,100,,,
永康區,永正路,1號至63號(永康里),115,,,
永康區,永正路,65~136號(正強里),110,,,
永康區,永吉路,"全部
(12-151號)",110,,,
永康區,永安一街,全部,115,,,
永康區,永安二街,全部,115,,,
永康區,永安路,中正北路~永安二街(鹽行里),115,,,
永康區,永安路,永安二街~北館橋(鹽行里),110,,,
永康區,永安路,363巷(鹽洲里),115,,,
永康區,永和街,全部,110,,,
永康區,永忠路,全部,115,,,
永康區,永明街,1號至182號(永康里),115,,,
永康區,永明街,"177~277號
292~340號路全部",100,,,
永康區,永明街,"177~277號
292~340號巷弄",100,,,
永康區,永信路,全部,115,,,
永康區,永春街,全部,110,,,
永康區,永科一路,路全部,100,,,
永康區,永科七路,路全部,100,,,
永康區,永科三路,路全部,100,,,
永康區,永科五路,路全部,100,,,
永康區,永科王田大道,路全部,100,,,
永康區,永科東路,路全部,100,,,
永康區,永科環路,路全部,100,,,
永康區,永埔街,埔園里全部,110,,,
永康區,永埔街,永康里全部,115,,,
永康區,永康街,全部,115,,,
永康區,永勝街,全部,110,,,
永康區,永華路,"網寮里
(路含巷弄)",110,,,
永康區,永華路,除上以外全部,115,,,
永康區,永福街,全部,115,,,
永康區,永興路,"單號
27~467號",110,,,
永康區,永興路,"雙號,
52~58號",115,,,
永康區,立興街,全部,115,,,
永康區,成功路,全部,115,,,
永康區,竹林街,全部,115,,,
永康區,竹南街,全部,100,,,
永康區,竹園一街,全部,100,,,
永康區,竹園二街,埔園里,110,,,
永康區,竹園二街,烏竹里,100,,,
永康區,自強路,埔園里，正強里,110,,,
永康區,自強路,龍潭里，烏竹里，王行里,100,,,
永康區,西勢路,"671號-788號
(國民路以西)",115,,,
永康區,西勢路,"單號1~667號
雙號2~672號",100,,,
永康區,育樂街,全部,100,,,
永康區,和平東路,全部,100,,,
永康區,和平路,全部,100,,,
永康區,尚頂路,全部,120,,,
永康區,忠孝路,全部,115,,,
永康區,忠勇街,全部,115,,,
永康區,忠義街,全部,115,,,
永康區,東橋一路,巷路全部,115,,,
永康區,東橋七路,巷路全部,115,,,
永康區,東橋二街,巷路全部,115,,,
永康區,東橋八街,巷路全部,115,,,
永康區,東橋十二街,巷路全部,115,,,
永康區,東橋十街,巷路全部,115,,,
永康區,東橋三路,巷路全部,115,,,
永康區,東橋五路,巷路全部,115,,,
永康區,東橋六街,巷路全部,115,,,
永康區,信義二街,全部,115,,,
永康區,信義街,全部,115,,,
永康區,信義路,全部,115,,,
永康區,南工街,全部,115,,,
永康區,南台街,全部,120,,,
永康區,南興路,全部,115,,,
永康區,南灣街,全部,115,,,
永康區,洲工街,街巷全部,115,,,
永康區,洲尾街,街巷全部,115,,,
永康區,埔東街,全部,110,,,
永康區,埔園街,全部,110,,,
永康區,埔聖街,埔園里全部,110,,,
永康區,埔聖街,永康里全部,115,,,
永康區,振興路,全部,115,,,
永康區,烏竹北街,全部,100,,,
永康區,烏竹街,全部,100,,,
永康區,國民路,路,100,,,
永康區,國民路,巷弄,100,,,
永康區,國光一街,全部,115,,,
永康區,國光七街,全部,115,,,
永康區,國光二街,全部,115,,,
永康區,國光八街,全部,115,,,
永康區,國光三街,全部,115,,,
永康區,國光五街,全部,115,,,
永康區,國光六街,全部,115,,,
永康區,國華街,全部,115,,,
永康區,國聖街,53~101號,120,,,
永康區,國聖街,"147~437號,162~576號(鹽洲里)",115,,,
永康區,崑山街,全部,115,,,
永康區,勝利街,全部,115,,,
永康區,勝華街,全部,115,,,
永康區,勝學路,全部,115,,,
永康區,富強路一段,路全部,100,,,
永康區,富強路一段,巷,100,,,
永康區,富強路二段,路全部,100,,,
永康區,富強路二段,巷,100,,,
永康區,復國一路,全部,115,,,
永康區,復國二路,全部,115,,,
永康區,復國路,全部,115,,,
永康區,復華一街,全部,115,,,
永康區,復華七街,路,115,,,
永康區,復華二街,全部,115,,,
永康區,復華八街,全部,115,,,
永康區,復華十街,全部,115,,,
永康區,復華三街,全部,115,,,
永康區,復華五街,全部,115,,,
永康區,復華六街,路,115,,,
永康區,復興路 ,全部,115,,,
永康區,華興街,全部,115,,,
永康區,新中街,全部,115,,,
永康區,新民街,路全部,115,,,
永康區,新行街,全部,115,,,
永康區,新興街,全部,115,,,
永康區,經中路,路全部,100,,,
永康區,經建路,路全部,100,,,
永康區,經華路,路全部,100,,,
永康區,聖龍街,埔園里全部,110,,,
永康區,聖龍街,永康里全部,115,,,
永康區,廣盛街,全部,100,,,
永康區,廣興街,全部,100,,,
永康區,蔦松一街,全部,100,,,
永康區,蔦松二街,全部,100,,,
永康區,蔦松三街,全部,100,,,
永康區,興工路,路全部,100,,,
永康區,興國街,全部,115,,,
永康區,龍中街,埔園里,105,,,
永康區,龍中街,"2~206號
巷弄;烏竹里",100,,,
永康區,龍安街,路全部,100,,,
永康區,龍安街,巷弄,100,,,
永康區,龍昌街,路全部,100,,,
永康區,龍昌街,巷弄,100,,,
永康區,龍埔街,全部(街含巷),105,,,
永康區,龍埔街,"1-185號,2-138號
巷弄",100,,,
永康區,龍國街,全部,110,,,
永康區,龍國街,389號以後(單號),100,,,
永康區,龍潭街,142號到214號(雙號),100,,,
永康區,龍橋街,埔園里,110,,,
永康區,龍橋街,"1-255號,2-130號
巷弄;烏竹里",100,,,
永康區,環工路,路全部,100,,,
永康區,鹽平街,全部,115,,,
永康區,鹽行路,巷路全部,115,,,
永康區,鹽和街,全部,115,,,
永康區,鹽忠街,街巷全部,115,,,
永康區,鹽信街,鹽行里,115,,,
永康區,鹽信街,尚頂里,120,,,
永康區,鹽洲一街,街巷全部,115,,,
永康區,鹽洲二街,街巷全部,115,,,
麻豆區,三民路,光復路至中山路(含巷弄),130,,,
麻豆區,中山路,中正路至新生北路(含巷弄),130,,,
麻豆區,中正路,(單號55之2~59之2),125,,,
麻豆區,平等路,"光復路至忠孝路(含巷弄)
(單號1~49之1、雙號2~4之26)",135,,,
麻豆區,光復路,平等路至三民路(含巷弄),130,,,
麻豆區,忠孝路,"中正路至興中路55巷(8-11號除外)
(單號23之21~23之27、雙號2之8~12之8)",125,,,
麻豆區,興中路,"興中路至民生路(巷弄除外)
(單號1~169之5、雙號2~170)",135,,,
麻豆區,興中路55巷,(單號17之2~17之5、雙號4~20)巷弄除外,125,,,
麻豆區,興南路,興國路至民族路(單號1~33、雙號2~30),125,,,
麻豆區,穀興里、保安里、油車里、興農里、新建里、中興里、巷口里、晉江里、大埕里、東角里(不包含前列特殊路段門牌),穀興里、保安里、油車里、興農里、新建里、中興里、巷口里、晉江里、大埕里、東角里(不包含前列特殊路段門牌),120,,,
麻豆區,北勢里、麻口里、磚井里、謝安里、安西里、安業里、安東里、安正里、南勢里、寮?里、龍泉里、總榮里、中民里、港尾里、莊禮里、海埔里、大山里、埤頭里、小埤里(不包含前列特殊路段門牌),北勢里、麻口里、磚井里、謝安里、安西里、安業里、安東里、安正里、南勢里、寮?里、龍泉里、總榮里、中民里、港尾里、莊禮里、海埔里、大山里、埤頭里、小埤里(不包含前列特殊路段門牌),100,,,
佳里區,中山路,"仁愛路~興中街(不含巷弄)
(單號1~219、雙號2~200)",125,,,
佳里區,中山路,"興中街~新生路(不含巷弄)
(單號221~245、雙號204~256)",135,,,
佳里區,中山路,"新生路~進學路
(單號249~387、雙號268~430)",140,,,
佳里區,中山路,"進學路~林園街
(單號401~447、雙號458~480)",125,,,
佳里區,中山路310巷,中山路310巷所有門牌,135,,,
佳里區,中和街,"新生路~義民街(不含巷弄)
(單號 69~109、雙號 62~92)",125,,,
佳里區,文化路,"延平路~中山路(不含巷弄)
(單號177~213、雙號172~188)",125,,,
佳里區,文化路,"中山路~光復路(不含巷弄)
(單號225~285、雙號216~298)",135,,,
佳里區,文化路,"光復路~公園路(不含巷弄)
(單號289~349之2、雙號302~364)",125,,,
佳里區,台19線兩側,佳里興247號~441號,110,,,
佳里區,光復路,"仁愛路~新生路(不含巷弄)
(單號1~195、雙號2~172)",125,,,
佳里區,光復路,"新生路~進學路(不含巷弄)
(單號197~357之1、雙號174~310)",135,,,
佳里區,光復路,"進學路~忠孝路(不含巷弄)
(單號377~421、雙號322~350)",125,,,
佳里區,和平街,"延平路~中山路(不含巷弄)
(單號 83~117、雙號 90~138)",125,,,
佳里區,和平街,"中山路~光復路(不含巷弄)
(單號121~177、雙號142~192)",135,,,
佳里區,延平路,"仁愛路~平等街(不含巷弄)
(單號21~125、雙號2~146)",125,,,
佳里區,延平路,"平等街~忠孝路
(單號127~421、雙號156~468之2)",130,,,
佳里區,延平路,"忠孝路~安西路
(單號431~471、雙號480~580)",125,,,
佳里區,新生路,"延平路~中山路(不含巷弄)
(單號115~147、雙號138~164)",135,,,
佳里區,新生路,"中山路~光復路(不含巷弄)
(單號251~331、雙號264~328)",135,,,
佳里區,新生路,"光復路~長安街(不含巷弄)
(單號339~351、雙號334~348)",125,,,
佳里區,義民街,"信義二街~延平路(不含巷弄)
(單號21~105、雙號 24~102)",120,,,
佳里區,義民街,"延平路~中山路(不含巷弄)
(單號109~163、雙號104~162)",135,,,
佳里區,義民街,"中山路~光復路(不含巷弄)
(單號169~241、雙號164~256)",135,,,
佳里區,鎮山里、東寧里、六安里、安西里、建南里、忠仁里(不包含前列特殊路段門牌),鎮山里、東寧里、六安里、安西里、建南里、忠仁里(不包含前列特殊路段門牌),120,,,
佳里區,佳化里、禮化里、興化里、營頂里、溪洲里、頂?里、海澄里、漳州里、子龍里、三協里、民安里、龍安里、蚶寮里、通興里、嘉福里(不包含前列特殊路段門牌),佳化里、禮化里、興化里、營頂里、溪洲里、頂?里、海澄里、漳州里、子龍里、三協里、民安里、龍安里、蚶寮里、通興里、嘉福里(不包含前列特殊路段門牌),100,,,
西港區,中山路,(單號229~337、雙號242~366之1) ,125,,,
西港區,中山路,52號~240號、85號~227號、339號~383之3號,120,,,
西港區,中山路,"385號~521號
368號~512號(含巷弄)
1號~83號
117巷5號~117巷8號
117巷7弄1號~117巷7弄94號
2號~50號                                                                                                                                                                              ",115,,,
西港區,中州 ,"西港里中州(22號~25之51號)
慶安里中州(1號~21之93號)",100,,,
西港區,中州 ,"除西港里中州(22號~25之51號)
慶安里中州(1號~21之93號)",115,,,
西港區,文化路,全部,115,,,
西港區,西港,西港里西港(38號至57號),100,,,
西港區,西港,除西港里西港(38號至57號),115,,,
西港區,堀子頭,全部,115,,,
西港區,進學街,全部,115,,,
西港區,新興街           ,"新興街與慶安路交叉點
(向南兩側及西港區公所零售市場周圍 ) 
西港區公所零售市場南邊新興街角止
(12巷1~19號、33巷1~33號、59巷1~34號)",125,,,
西港區,新興街           ,"27號~153號(不含107巷1號至107巷73號)
28號~114之6號",120,,,
西港區,新興街           ,"1號~25之2號、2號~26號
107巷1號~107巷73號
155號~209號       ",115,,,
西港區,慶安路,1號~93號、2號~54號                                                                                                                                                           ,125,,,
西港區,慶安路,"56號~202號
95-1號~211之1號(不含巷弄)",120,,,
西港區,慶安路,170巷2號~170巷20弄56號                                                                                                                                                                                                                          ,115,,,
西港區,慶安路,212號~266號,100,,,
西港區,南海埔、中港、東港、下面厝、雙張?、烏竹林、八份、太西、檨子林、三合寮、東竹林、中周寮、後營、新寮、砂凹子、下宅子、施寮、蚶西港、劉厝、大竹林、溪埔寮、大塭寮、新港,南海埔、中港、東港、下面厝、雙張?、烏竹林、八份、太西、檨子林、三合寮、東竹林、中周寮、後營、新寮、砂凹子、下宅子、施寮、蚶西港、劉厝、大竹林、溪埔寮、大塭寮、新港,100,,,
七股區,大埕                ,"區公所起(大埕377號)(向東兩側)至區農會止(大埕272號)
296號~377號
272號~278號",110,,,
七股區,大埕                ,"除區公所起(大埕377號)(向東兩側)至區農會止(大埕272號)
296號~377號
大埕272號~278號",100,,,
七股區,玉成,115號~160之3號(縣道176兩側),110,,,
七股區,玉成,除115號~160之3號(縣道176兩側),100,,,
七股區,港西、港東、頂潭、台潭、頂山、西寮、城內、篤加、中寮、鹽埕、七股、溪南、大寮、看坪、樹林、竹港、竹橋、義合、?榔、永吉、三股、海埔、十份、龍山,港西、港東、頂潭、台潭、頂山、西寮、城內、篤加、中寮、鹽埕、七股、溪南、大寮、看坪、樹林、竹港、竹橋、義合、?榔、永吉、三股、海埔、十份、龍山,100,,,
七股區,頂山、西寮,頂山、西寮,90,,,
學甲區,中山路,"華宗路至信義路
(單號73~161之1、雙號70~176)",130,,,
學甲區,中正路,"民權路至廣文路
(單號171~197、雙號188~204)",120,,,
學甲區,中正路,"廣文路至中山路
(單號199~287、雙號206~298)",135,,,
學甲區,中正路,"中山路至天水路
(單號289~327、雙號302~352)",130,,,
學甲區,成功路,"民權路至中山路
(單號1~79、雙號2~60)",125,,,
學甲區,成功路,濟生路至廣文路(單號15~31),135,,,
學甲區,明宜里,所有門牌(不包含前例特殊門牌),115,,,
學甲區,宮西路,"中正路至和平路
(單號1~19、雙號2~16)",120,,,
學甲區,華宗路,"自強路(東陽國小華宗路260～275)
至學甲國中(華宗路540～567)",125,,,
學甲區,廣文路,"成功路至中正路
(48~62之1)",135,,,
學甲區,濟生路,"華宗路至成功路
(單號87~131、雙號88~132)",130,,,
學甲區,濟生路,"成功路至中正路
(單號135~169、雙號136~180)",135,,,
學甲區,濟生路,"中正路至和平路
(單號170~199之1、雙號182~208之1）",130,,,
學甲區,濟生路,"和平路至信義路
(單號203~219、雙號212~224)",120,,,
學甲區,仁得里,所有門牌(不包含前例特殊門牌),115,,,
學甲區,慈福里,所有門牌(不包含前例特殊門牌),115,,,
學甲區,新達里,中山路(不包含前例特殊門牌)、中正路(不包含前例特殊門牌)、民族路、民生路、中華路、中學路、新生路、新興路、興業路、法源路,115,,,
學甲區,新達里,所有門牌(不包含前列特殊路段門牌),100,,,
學甲區,新榮里、光華里、宅港里、大灣里、中洲里、平和里、豐和里、三慶里、秀昌里,新榮里、光華里、宅港里、大灣里、中洲里、平和里、豐和里、三慶里、秀昌里,100,,,
將軍區,西華里,"南19縣道向南
(路西:文衡殿至西華55之2號)",120,,,
將軍區,西華里,"南21縣道向西
(路南:西華1之19號(木材廠)至西華7號)",115,,,
將軍區,忠興里,"南19縣道向南兩側
(路東)忠興190號至文衡殿
(路西)忠興5之2號至忠興1之6號",120,,,
將軍區,忠興里,忠興6號至11之1號及忠興21號,115,,,
將軍區,忠興里,"南19縣道向北兩側(路東)鄉公所(忠興190號)
忠興167之2號至忠興187號（電信局）
(路西)忠興22號至忠興71之5號南21縣道向西
(路北:忠興1之4號至忠興36號)",115,,,
將軍區,長榮里,南19縣道向南(路東:文衡殿至長榮123號),120,,,
將軍區,忠興里、西華里、長榮里(不包含前列特殊路段門牌),忠興里、西華里、長榮里(不包含前列特殊路段門牌),110,,,
將軍區,西和里、嘉昌里、保源里、苓和里、仁和里、北埔里、將富里、將貴里、三吉里、玉山里、廣山里、長沙里、平沙里、鯤鯓里、?溟里,西和里、嘉昌里、保源里、苓和里、仁和里、北埔里、將富里、將貴里、三吉里、玉山里、廣山里、長沙里、平沙里、鯤鯓里、?溟里,100,,,
將軍區,鯤鯓里、?溟里,鯤鯓里、?溟里,90,,,
安定區,中沙,台19縣兩側(不含巷),110,,,
安定區,中沙,台19縣兩側以外(巷內),100,,,
安定區,北園三路,全部,110,,,
安定區,安加,"原善化糖廠十字路口往安定鄉公所
至台電服務所兩側(不含巷)",110,,,
安定區,安加,安定安加保西地段率110%適用區域以外,100,,,
安定區,安定,"原善化糖廠十字路口往安定鄉公所
至台電服務所兩側(不含巷)",110,,,
安定區,安定,安定安加保西地段率110%適用區域以外,100,,,
安定區,保西,"原善化糖廠十字路口往安定鄉公所
至台電服務所兩側(不含巷)",110,,,
安定區,保西,安定安加保西地段率110%適用區域以外,100,,,
安定區,海寮,台19縣兩側(不含巷),110,,,
安定區,海寮,台19縣兩側以外(巷內),100,,,
安定區,港口/港南,"港口145號向西兩側至港口198之2號
港口145號由市場轉北兩側至港口205號(不含巷)",115,,,
安定區,港口/港南,134、178縣道入口兩側(不含巷),110,,,
安定區,港口/港南,港口港南地段率110%適用區域以外,100,,,
安定區,新吉,台19縣兩側(不含巷),110,,,
安定區,新吉,台19縣兩側以外(巷內),100,,,
安定區,財路,全部,100,,,
安定區,公親寮、管寮、蘇厝、蘇林、大同、牛肉寮、沙崙、中崙、許中營、六塊寮、領寄、油車、港子尾、下洲子,公親寮、管寮、蘇厝、蘇林、大同、牛肉寮、沙崙、中崙、許中營、六塊寮、領寄、油車、港子尾、下洲子,100,,,
北門區,舊埕,171甲線北門國小至北門公所兩側(不含巷),110,,,
北門區,舊埕,171甲線北門國小至北門公所兩側以外(巷內),100,,,
北門區,"北門、三寮灣、溪底寮、二重港、蚵寮、西埔內、三寮灣、渡子頭、新圍、
港北、灰瑤港","北門、三寮灣、溪底寮、二重港、蚵寮、西埔內、三寮灣、渡子頭、新圍、
港北、灰瑤港","100 
北門區","蘆竹溝、雙春、
井子腳",全部,"90 
"
